id,category,source,target,question,choice1,choice2,choice3,choice4,answer,explanation
1,助動詞,「月は雲間よりおのづから見＿＿。」,,引用文中の空欄は、マ行上一段動詞「見る」の未然形「み」に接続している。「見る」に受身・可能・自発・尊敬の助動詞を接続した終止形として、正しい形を選べ。,る,らる,るる,らるる,2,上一段・下一段・カ変・サ変動詞の未然形には「らる」が接続し、四段・ナ変・ラ変動詞の未然形には「る」が接続する。「見る」はマ行上一段活用で、未然形は「み」であるため、「み＋らる」となる。
2,助動詞,「若君は、乳母に髪を削ぎかけられたり。」,,引用文中の「られ」（基本形「らる」）の意味として最も適当なものを選べ。,受身,自発,可能,尊敬,1,「若君が乳母によって髪を削ぎかけられた」という、他者から受けた動作を表すため「受身」である。「削ぎかけ」はカ行下二段動詞「削ぎかく」の未然形で、「らる」が接続している。
3,助動詞,「帝、これを御覧ぜさせ給ひて、いとあはれに思ほしめす。」,,引用文中の「させ」の助動詞の意味として最も適当なものを選べ。,使役,尊敬,自発,受身,2,「御覧ず（サ変）」の未然形「御覧ぜ」に接続する「させ」の直後に、尊敬の補助動詞「給ふ」があります。このように「せ・させ・しめ ＋ 尊敬の補助動詞」の形になり、動作を行う人（帝）が最高位の身分である場合、この「させ」は最高敬語（二重尊敬）の「尊敬」になります（「帝がお読みになる」の意）。
4,助動詞,「（作例）北面にのみあらせて、呼ばねば、かしがましく鳴く。」,,引用文中の「せ」の意味として最も適当なものを選べ。,尊敬,使役,完了,過去,2,「あらせて」の「せ」は、ラ変動詞「あり」の未然形「あら」に接続する使役の助動詞「す」の連用形です。「（猫を）北側の部屋にだけ置いて（居させて）」という意味になり、尊敬の補助動詞を伴っていないため、純粋な「使役」になります。
5,助動詞,「昔の秋の夜の月を思ひ出でられて、涙のこぼるるかな。」,,引用文中の「られ（らる）」の意味として最も適当なものを選べ。,受身,可能,自発,尊敬,3,「思ひ出づ」などの知覚・感情を表す動詞に接続する「る・らる」は、自然とそうなることを表す「自発（思わず思い出されて）」になります。
6,助動詞,「いと重き病にかかりて、親を嘆かせぬ。」,,引用文中の「せ」の直前にある「嘆か」の活用形として正しいものを選べ。,未然形,連用形,終止形,連体形,1,使役・尊敬の助動詞「す」は活用語の未然形に接続します。「嘆か」はカ行四段動詞「嘆く」の未然形です。
7,助動詞,「かの御使いは、夜も明けぬるに、まだ起きられず侍る。」,,引用文中の「られ」の活用形として正しいものを選べ。,未然形,連用形,終止形,已然形,1,すぐ下にある「ず」は打消の助動詞であり、未然形に接続します。したがって、「らる」の連用形ではなく、打消の助動詞「ず」の上にある「られ」は未然形（「られ・られ・らる・らるる・らるれ・られよ」の下二段型活用）になります。
8,助動詞,「悲しみ深く、今はそのことを人にも語られぬ。」,,引用文中の「られ」の意味として最も適当なものを選べ。,受身,自発,可能,尊敬,3,「語られぬ」は「語ることができない」の意である。四段動詞「語る」の未然形「語ら」に可能の助動詞「る」の未然形「れ」が付き、さらに打消の助動詞「ず」の連体形「ぬ」が続いている。
9,助動詞,,,『る』と『らる』は、それぞれどのような動詞に接続するか、正しい説明を選べ。,『る』は四段・ナ変・ラ変の未然形に接続し、『らる』はそれ以外の活用語の未然形に接続する,『る』はすべての未然形に接続し、『らる』は連用形に接続する,『る』は上一・下一に接続し、『らる』は四段に接続する,『る』はラ変に接続し、『らる』はナ変に接続する,1,古典文法の接続規則において、助動詞「る」は四段・ナ変・ラ変動詞の未然形（主にa音で終わるもの）に接続し、「らる」はそれ以外の活用語（上一・下一・上二・下二・カ変・サ変）の未然形に接続します。これが基本鉄則です。
10,助動詞,,,『す』と『さす』は、それぞれどのような動詞に接続するか、正しい説明を選べ。,『す』は四段・ナ変・ラ変の未然形に接続し、『さす』はそれ以外の未然形に接続する,『す』は未然形に接続し、『さす』は連用形に接続する,『す』は上一・下一に接続し、『さす』は四段に接続する,『す』はサ変にのみ接続する,1,助動詞「る・らる」の関係と同様に、使役・尊敬の助動詞「す」は四段・ナ変・ラ変動詞の未然形に接続し、「さす」はそれ以外の活用語の未然形に接続します。非常に整然とした文法規則です。
11,助動詞,「法師、大工をしてお堂を造らしむ。」,,引用文中の「しむ」の意味として最も適当なものを選べ。,尊敬,使役,完了,過去,2,「大工をして（大工に命じて）...造らせる」という文脈より、動作を誰かにさせる「使役」になります。「しむ」は漢文訓読調の文章や和歌などで好まれる使役・尊敬の助動詞です。
12,助動詞,「后（きさき）、御仏（みほとけ）を供養せしめ給ふ。」,,引用文中の「しめ」の助動詞の意味として最も適当なものを選べ。,使役,尊敬,存続,過去,2,后（皇后）という極めて身分の高い人物の動作「供養す」に対して、「せ（サ変未然形） ＋ しめ（しむの連用形） ＋ 給ふ（尊敬）」と接続しています。直後に使役の対象（〜に命じて）が示されていないため、これは「尊敬」（最高敬語）になります。
13,助動詞,「（地の文）中納言、急ぎ参らる。」,,引用文中の「る」の意味として最も適当なものを選べ。,受身,可能,自発,尊敬,4,中納言という貴族の自発的な参上動作に対して、四段動詞「参る」の未然形「参ら」に「る」が接続しています。文脈上、受身や可能ではなく、動作の主体を高める「尊敬（参上なさる）」になります。
14,助動詞,「門を強く閉めさせて、誰も入れじとする。」,,引用文中の「させ」の意味として最も適当なものを選べ。,尊敬,使役,自発,可能,2,「閉め（マ行下二段動詞『閉む』の未然形）」に接続する「させ」ですが、直後に尊敬の補助動詞「給ふ」などがありません。したがって、尊敬ではなく、誰かに門を閉めさせるという「使役」になります。
15,助動詞,,,助動詞『る』『らる』『す』『さす』の活用変化の型として正しいものを選べ。,四段型,下二段型,サ変型,ラ変型,2,「る」「らる」「す」「さす」は、すべて「え・え・う・うる・うれ・えよ」のパターンで変化する下二段型活用の助動詞です。（例：れ・れ・る・るる・るれ・れよ、せ・せ・す・する・すれ・せよ）。
16,助動詞,「雨も降らねば、道も歩きやすし。」,,引用文中の「ね」の文法的説明（基本形、意味、活用形）として正しいものを選べ。,基本形「ず」・打消・已然形,基本形「ぬ」・完了・已然形,基本形「ず」・打消・連体形,基本形「ぬ」・打消・未然形,1,「雨も降ら（四段動詞『降る』の未然形）」に接続しています。「未然形 ＋ ね ＋ ば」の「ね」は、打消の助動詞「ず」の已然形です。「〜ないので」という原因・理由を表します。（完了の助動詞「ぬ」の已然形も「ね」ですが、そちらは「連用形 ＋ ね ＋ ば」になります）。
17,助動詞,「薬も食はず、やがて起きもあがらで病み臥せり。」,,引用文中の「ず」の活用形として最も適当なものを選べ。,未然形,連用形,終止形,已然形,2,文中にあって「薬を飲むこともせず（飲まないで）、そのまま寝込んでしまった」と、動作を中止して次の文へと繋ぐ役割（中止法）をしています。これは打消の助動詞「ず」の連用形になります。
18,助動詞,「起きぬ人の、風を待つらむ心地するかな。」（作例）,,引用文中の「ぬ」の文法的説明として正しいものを選べ。,完了の助動詞「ぬ」の終止形,打消の助動詞「ず」の連体形,強意の助動詞「ぬ」の連用形,ナ変動詞「死ぬ」の連体形の一部,2,直前の「起き」は上二段動詞「起きる」の未然形です。未然形に接続する「ぬ」は、打消の助動詞「ず」の連体形になります（「起きない人」と体言の「人」を修飾しています）。連用形に接続する「ぬ」であれば完了の助動詞になります。
19,助動詞,「まだ会はざる人に、心ひかれつつ行く。」,,引用文中の「ざる」の文法的説明として最も適当なものを一つ選べ。,打消の助動詞「ず」の補助活用（カリ活用）・連体形,完了の助動詞「ぬ」の連体形,存続の助動詞「たり」の連体形の一部,形容詞の活用語尾,1,「ざる」は、打消の助動詞「ず」にラ変「あり」が合体した「ずあり ＝ ざり」という補助活用（ざら・ざり・○・ざる・ざれ・ざれ）の連体形です。下に助動詞や体言が続くときに用いられます。
20,助動詞,「言はずは止まん。」,,引用文中の「ず」の活用形として正しいものを選べ。,未然形,連用形,終止形,連体形,1,接続助詞「は（仮定条件を表す『〜ならば』）」の上にある「ず」は、未然形です。「言わないならば、やめておこう」という意味になります。「ず」の未然形には「ず（ずはの形）」と、カリ活用の「ざら」があります。
21,助動詞,「（作例）月をめでしかば、人々いとあはれがりき。」,,引用文中の「しか」の基本形と活用形、および接続する活用形の正しい組み合わせを選べ。,基本形「き」・已然形・連用形接続,基本形「けり」・已然形・未然形接続,基本形「き」・連体形・未然形接続,基本形「けり」・連用形・連用形接続,1,「めで（下二段動詞『愛づ』の連用形）」に接続している「しか」は、直接体験の過去を表す助動詞「き」の已然形（「せ・○・き・し・しか・○」の『しか』）です。已然形「しか」に接続助詞「ば」がついて「めでたところ、〜」という過去の確定条件を構成しています。
22,助動詞,「昨日見し人を、今日もまた見んと思ふ。」,,引用文中の「し」の文法的説明として正しいものを選べ。,過去の助動詞「き」の連体形,過去の助動詞「き」の已然形,強意の副助詞,サ変動詞「す」の連用形,1,「見（マ行上一段動詞『見る』の連用形）」に接続している「し」は、過去の助動詞「き」の連体形です。後ろの名詞「人」を修飾しています。
23,助動詞,,,過去の助動詞「き」は原則として連用形に接続するが、カ変・サ変では未然形にも接続する。カ変・サ変の未然形に接続した例として正しいものを選べ。,カ変の未然形「こ」、サ変の未然形「せ」に接続する（「こし」「せし」など）,カ変の連用形「き」、サ変の連用形「し」にのみ接続する,カ変の終止形『く』、サ変の終止形『す』に接続する,カ変・サ変にも未然形接続の例外はない,1,過去の助動詞「き」は原則として活用語の連用形に接続する。ただし、連体形「し」・已然形「しか」は、カ変「来」の未然形「こ」やサ変「す」の未然形「せ」に接続して「こし」「こしか」「せし」「せしか」となることがある。
24,助動詞,「（作例）門をたたく音を聞けば、すでに使ひ来にけり。」,,引用文中の「にけり」の「けり」のこの文脈における意味として最も適当なものを選べ（※状況の発見を伴う）。,伝聞過去（〜だったそうだ）,詠嘆・気づき（〜だったのだなあ、〜ているのだなあ）,現在推量,断定,2,「すでに使いが来ていたのだなあ（今気づいた）」という状況の発見を表すため、これは「詠嘆・気づき」になります。「けり」は会話文や和歌、あるいは「なり＋けり」「に＋けり」の形で目の前の事実に気づいたとき、しばしば「詠嘆（〜だなあ）」の意味になります。
25,助動詞,「昔、竹取の翁といふ者ありけり。」,,物語の地の文における、引用文中の「けり」の意味として最も適当なものを選べ。,直接体験した過去,伝聞過去（〜だったそうだ、〜ということだ）,詠嘆（〜だなあ）,現在の存続,2,物語の冒頭など、作者自身が直接見ていない過去の伝聞情報を読者に語る地の文の「けり」は、「伝聞過去（〜だったそうだ）」になります。
26,助動詞,,,『き』と『けり』の『接続』に関する説明として正しいものを選べ。,両者とも、活用語の連用形に接続する（例外を除く）,『き』は未然形に接続し、『けり』は連用形に接続する,『き』は連用形に接続し、『けり』は終止形に接続する,『き』は終止形に接続し、『けり』は未然形に接続する,1,過去の助動詞「き」も、過去・詠嘆の助動詞「けり」も、ともに活用語の連用形に接続します。（「き」にはカ変・サ変に対する接続の例外があります）。
27,助動詞,「世の中にたえて桜のなかりせば、春の心はのどけからまし。」,,引用文中の「せ」は、どの助動詞の何形か。,過去の助動詞「き」の未然形,サ変動詞「す」の未然形,使役の助動詞「す」の未然形,尊敬の助動詞「す」の未然形,1,「なかりせば」の「せ」は、過去の助動詞「き」の未然形である。反実仮想では「〜せば……まし」「〜ましかば……まし」などの形が用いられる。
28,助動詞,「（作例）夜も明けつ。いざ起き給へ。」,,引用文中の「つ」の活用形として正しいものを選べ。,未然形,連用形,終止形,連体形,3,「夜も明けた。さあお起きなさい。」という文脈で、文末で言い切っているため、これは下二段型に活用する（て・て・つ・つる・つれ・てよ）助動詞「つ」の終止形「つ」になります。
29,助動詞,「（作例）猫の失せぬを悲しがること、いとゆゆし。」,,引用文中の「ぬ」の文法的説明として最も適当なものを一つ選べ。,打消の助動詞「ず」の連体形,完了の助動詞「ぬ」の連体形,完了の助動詞「ぬ」の終止形,格助詞,2,「失せ」はサ行下二段動詞「失す」の連用形である。連用形に接続し、後ろの格助詞「を」に続く「ぬ」は、完了の助動詞「ぬ」の連体形である。「猫がいなくなってしまったことを」の意となる。
30,助動詞,「（作例）海賊、早く来つべき心地するかな。」,,引用文中の「つ」の助動詞の意味として最も適当なものを選べ。,完了,強意（きっと〜する、確かに〜する）,並列,過去,2,「つ」「ぬ」が、推量の助動詞「べし」や「む・らむ」の上にくっつくとき（つべし、ぬべし、てむ、なむ）、これらの「つ」「ぬ」は完了ではなく「強意（きっと〜するに違いない）」を表します。「海賊がきっとやって来そうな気がする」と訳します。
31,助動詞,「（作例）夜も明けぬれば、いざ舟を出さん。」,,引用文中の「ぬれ」の助動詞の「基本形」と「活用形」の正しい組み合わせを選べ。,基本形「ず」・已然形,基本形「ぬ」・已然形,基本形「ぬ」・連用形,基本形「ず」・連体形,2,「明け」は下二段動詞「明く」の連用形です。連用形に接続する「ぬれ」は、ナ変型に活用する（な・に・ぬ・ぬる・ぬれ・ね）完了の助動詞「ぬ」の已然形になります。已然形「ぬれ」に接続助詞「ば」がついて「夜も明けたので」という確定条件を作っています。
32,助動詞,,,古文における「つ」と「ぬ」の使われ方の一般的な傾向として、最も適当なものを選べ。,『つ』は主に他動詞・意志的な動作（書く、言う等）に接続し、『ぬ』は主に自動詞・自然現象や無意識な動作（降る、死ぬ、失す等）に接続する,『つ』は敬語を伴い、『ぬ』は敬語を伴わない,『つ』は会話文にのみ使われ、『ぬ』は地の文にのみ使われる,両者の使われ方には、傾向を含めて一切の違いがない,1,一般に「つ」は意志的・作為的な動作や他動詞に、「ぬ」は自然発生的・無意志的な変化や自動詞に用いられやすい。ただし、これは絶対的な接続規則ではなく、文脈によって例外もあるため「主な傾向」として理解する。
33,助動詞,「（作例）昨日書きつる文を、使ひに持たせたり。」,,引用文中の「つる」の基本形と活用形を選べ。,基本形「つ」・連体形,基本形「つ」・連用形,基本形「ぬ」・連体形,基本形「り」・已然形,1,「書き」はカ行四段動詞「書く」の連用形で、これに完了の助動詞「つ」が接続している。「つる」は「つ」の連体形で、後ろの名詞「文」を修飾する。
34,助動詞,「（作例）この身も滅びなむ。」,,引用文中の「な」の文法的説明として最も適当なものを選べ。,打消「ず」の已然形,完了（強意）の助動詞「ぬ」の未然形,完了の助動詞「ぬ」の連用形,願望の終助詞,2,「滅び」は上二段動詞「滅ぶ」の連用形である。「な」は完了の助動詞「ぬ」の未然形で、推量・意志の助動詞「む」に続く。「なむ」の形では「きっと〜しよう／きっと〜するだろう」という強意を添える。
35,助動詞,「（作例）亡き児を思ひ、文を書きてけり。」,,引用文中の「書きてけり」の「て」の文法的説明として正しいものを選べ。,接続助詞,完了の助動詞「つ」の連用形,完了の助動詞「つ」の未然形,過去の助動詞「き」の一部,2,「書き」はカ行四段動詞「書く」の連用形である。これに完了の助動詞「つ」の連用形「て」が付き、さらに過去・詠嘆の助動詞「けり」が続いている。接続助詞「て」ではない。
36,助動詞,「（作例）角左衛門の行ひを、後の世に伝へんがために書きたるなり。」,,引用文中の「たる」の助動詞の意味と活用形として最も適当なものを選べ。,完了・連用形,存続・連体形,断定・連体形,受身・連用形,2,「書き」はカ行四段動詞「書く」の連用形で、これに完了・存続の助動詞「たり」の連体形「たる」が続く。文脈上は「書いてある」という存続を表し、後ろの断定の助動詞「なり」に接続している。
37,助動詞,,,助動詞「り」は、どの活用語のどの活用形に接続するか。正しい説明を選べ。,サ未四已（さみしい） ＝ サ変の未然形、四段の已然形に接続する,サ已四未（さいしみ） ＝ サ変の已然形、四段の未然形に接続する,上未下一（じょうみしもいち） ＝ 上一段の未然形、下一段の已然形に接続する,接続の例外はない,1,助動詞「り」は、サ行変格活用の未然形「せ」と、四段活用の已然形（エ段音）に接続する。この接続は語呂合わせ「サ未四已（さみしい）」で覚える。
38,助動詞,「（作例）庭に咲ける桜を眺む。」,,引用文中の「る」の文法的説明として正しいものを選べ。,尊敬,受身,存続（〜ている、〜てある）,可能,3,「咲け」はカ行四段動詞「咲く」の已然形である。四段動詞の已然形に接続する「る」は、完了・存続の助動詞「り」の連体形で、ここでは「咲いている」という存続を表す。
39,助動詞,「（作例）板に文字を書ければ、雨にぬれても消えず。」,,引用文中の「れ」の文法的説明として正しいものを選べ。,受身の助動詞「る」の已然形,存続の助動詞「り」の已然形,尊敬の助動詞「る」の已然形,可能の助動詞「る」の已然形,2,「書け」はカ行四段動詞「書く」の已然形で、これに完了・存続の助動詞「り」の已然形「れ」が接続している。さらに接続助詞「ば」が続き、「文字が書いてあるので」という確定条件を表す。
40,助動詞,「（作例）御使いはいまだ来ず。すでに日も暮れたり。」,,引用文中の「たり」の意味として最も適当なものを選べ。,存続,完了（〜してしまった、〜した）,断定,希望,2,「日も暮れてしまった」という、動作・状況の完了を表すため、これは「完了」になります。ラ変型に活用（たら・たり・たり・たる・たれ・たれ）し、活用語の連用形に接続します。
41,助動詞,「（地の文）帝の乗らせ給へる車、きよげなり。」,,引用文中の「る」の文法的な説明として最も適当なものを選べ。,受身の助動詞「る」の終止形,存続の助動詞「り」の連体形,尊敬の助動詞「る」の連体形,自発の助動詞「る」の連用形,2,「給へ」はハ行四段動詞「給ふ」の已然形である。四段動詞の已然形に接続する「る」は、完了・存続の助動詞「り」の連体形で、「帝がお乗りになっている車」の意となる。
42,助動詞,,,助動詞『たり』と『り』の活用変化の型として正しいものを選べ。,下二段型活用,ラ行変格活用型（ラ変型）,サ行変格活用型,四段活用型,2,「たり」（たら・たり・たり・たる・たれ・たれ）および「り」（ら・り・り・る・れ・れ）は、ともにラ行変格活用型（ラ変型）に活用する助動詞です。
43,助動詞,「（作例・話し手自身の決意）われは明日、都へ帰るべし。」,,引用文中の「べし」の意味として最も適当なものを選べ。,当然（〜はずだ）,可能（〜できる）,強固な意志・決意（〜するつもりだ、〜よう）,命令（〜せよ）,3,話し手が自分の将来の行動について「明日、都へ帰ろう／帰るつもりだ」と決意しているため「意志」である。「べし」は、主語が一人称で意図的な行動を述べる場合、意志を表すことがある。
44,助動詞,「（作例）これほど空が暗ければ、やがて雨も降るべし。」,,引用文中の「べし」の意味として最も適当なものを選べ。,推量（〜だろう、〜にちがいない）,命令,希望,比況,1,空が暗いという現在の状況から、今後雨が降るだろうと推し量っているため「推量」である。
45,助動詞,「（作例・話し手自身の決意）われは二度と宮仕へすまじ。」,,引用文中の「まじ」の意味として最も適当なものを選べ（※話し手自身の強い否定的な決意）。,打消推量（〜ないだろう）,打消意志（〜ないつもりだ、〜まい）,禁止・不適当（〜てはならない）,不可能（〜できそうにない）,2,話し手が自分の行動について「二度と宮仕えをするまい」と否定的な決意を述べているため「打消意志」である。
46,助動詞,「（作例）病重くして、今日はえ対面すまじ。」,,引用文中の「まじ」の意味として最も適当なものを選べ（※「え〜まじ」の呼応を伴う）。,打消推量,打消意志,不可能（〜できそうにない、〜できない）,禁止,3,副詞「え」は、後ろの打消表現と呼応して「〜できない」を表す。「え対面すまじ」は「対面することができそうにない」の意であり、「まじ」は不可能を表す。
47,助動詞,,,ラ変型の活用語に『べし』が接続するとき、どの活用形に接続するか、正しいものを選べ。,連体形（あるべし 等）,未然形（あらべし）,終止形（ありべし）,已然形（あれべし）,1,推量・当然の助動詞「べし」は、原則として活用語の終止形に接続しますが、ラ行変格活用（およびラ変型に活用する助動詞『たり』『り』など）には「連体形」に接続（あるべし、たるべし等）します。超重要文法ルールです。
48,助動詞,「（作例・能力について述べる文脈）鍛錬を重ねたれば、この者は重き弓をも引くべし。」,,引用文中の「べき」の意味として最も適当なものを選べ。,推量,命令,可能（〜できる、〜ことができる）,適当,3,鍛錬を積んだ人物の能力について「重い弓でも引くことができる」と述べているため「可能」である。
49,助動詞,,,助動詞『まじ』の活用型として正しいものを選べ。,形容詞型（シク活用型）,動詞型（四段型）,ナ変型,ラ変型,1,助動詞「まじ」および「べし」は、形容詞と同様の活用変化を行います。「まじ」は形容詞シク活用型（まじく・まじく・まじ・まじき・まじけ・○、および補助活用の「まじから・まじかり・○・まじかる・まじかれ・○」）と同様に活用します。
50,助動詞,「（作例）『これよりは急ぎ帰るべし。遅れることなかれ。』」,,引用文中の「べし」の意味として最も適当なものを選べ（※相手に対して『〜するのが良い』と勧めている）。,推量,可能,適当（〜するのがよい、〜するのがふさわしい）,意志,3,相手に対して「急いで帰るのがよい（そうするのがふさわしい）」と進言しているため、これは「適当」になります。「べし」には「推量・意志・可能・当然・命令・適当（スイカトメテ）」の6つの意味があります。
51,助動詞,「（土佐日記冒頭より）男もすなる日記といふものを、女もしてみむとてするなり。」,,引用文中の「男もすなる」の「なる」について、基本形・意味・活用形の組み合わせとして正しいものを選べ。,基本形「なり」・断定・連体形,基本形「なる」・ラ変動詞・連体形,基本形「なり」・伝聞推定・連体形,形容動詞の一部,3,問うているのは冒頭の「男もすなる」の「なる」である。サ変動詞「す」の終止形に接続するため伝聞・推定の助動詞「なり」であり、後ろの名詞「日記」を修飾する連体形である。文末の「するなり」は別の「なり」なので混同しない。
52,助動詞,,,伝聞推定の助動詞『なり』と、断定の助動詞『なり』の接続規則の違いとして正しいものを選べ。,伝聞推定の『なり』は終止形（ラ変型は連体形）に接続し、断定の『なり』は体言や活用語の連体形に接続する,伝聞推定の『なり』は未然形に接続し、断定の『なり』は連用形に接続する,両者とも全く同じ接続である,伝聞推定の『なり』は体言にのみ接続する,1,この2つの「なり」を区別する最大のポイントは接続規則です。終止形（ラ変型は連体形）の下にあれば「伝聞推定」、体言や連体形の下にあれば「断定」になります。
53,助動詞,「（作例）秋の野に人待つ虫の声なり。」,,引用文中の「なり」の意味として最も適当なものを選べ。,伝聞推定,断定（〜である）,存在（〜にある）,推量,2,「声（名詞・体言）」に直接接続しています。したがって、これは終止形に接続する伝聞推定ではなく、断定の助動詞「なり」の終止形になります（「虫の声である」の意）。
54,助動詞,「（作例）こなたの門だつ方は鎖して侍るめり。」,,引用文中の「めり」の意味として最も適当なものを選べ。,視覚に基づく推定（〜であるようだ、〜と見える）,人づてに聞いた伝聞（〜だそうだ）,命令,存続,1,実際に門が閉まっている様子を目で見て、「閉まっているようである」と推し量っているため、視覚情報に基づく「推定」になります（「めり」は『見えあり』から生まれた推定の助動詞です）。
55,助動詞,「（和歌より）春過ぎて夏来にけらし白妙の衣干したり天の香具山」,,引用文中の「けらし」は「けるらし」の「る」が省略された形である。この「らし」の意味として最も適当なものを選べ。,願望,当然,根拠に基づく確実な推定（〜にちがいない、〜であるらしい）,打消,3,香具山に白い衣が干してあるという目に見える根拠から、「夏が来たらしい」と推定している。「けらし」は「けるらし」の「る」が省略された形で、「らし」は根拠に基づく推定を表す。
56,助動詞,「（文法知識）「あるなり」→「あんなり」→「あなり」、「あるめり」→「あんめり」→「あめり」のように、撥音便の「ん」が表記されない場合について」,,「あなり」「あめり」に含まれる「なり」「めり」について、正しい説明を選べ。,撥音便「ん」は表記上省略されているが、「なり」「めり」はそれぞれ伝聞・推定の助動詞である,動詞の終止形に直接接続しているとみなす,すべて敬語の補助動詞となる,助詞の一部となるため助動詞ではない,1,ラ変動詞「あり」の連体形「ある」の語尾「る」が撥音便化し、その「ん」も表記されないことがある。「あるなり」→「あんなり」→「あなり」、「あるめり」→「あんめり」→「あめり」となるが、後半の「なり」「めり」は助動詞のままである。
57,助動詞,「（作例）いと尊き高僧におはしければ、人々皆ひれ伏す。」,,引用文中の「に」の文法的説明（基本形、意味、活用形）として正しいものを選べ。,断定の助動詞「なり」の連用形,完了の助動詞「ぬ」の連用形,格助詞,接続助詞,1,「高僧（体言）」に接続し、後ろに「おはし（ありの尊敬語）」という動詞（存在）が続いています。これは「高僧であっていらっしゃる」という意味を構成する、断定の助動詞「なり」の連用形「に」です（に・なり／に・なり・なる・なれ・なれ）。
58,助動詞,,,「その人、今は京になり。」の「なり」の意味として最も適当なものを選べ。,断定（〜である）,存在（〜に存在する、〜にある）,伝聞,推定,2,「京」という場所を表す体言に接続し、「京にいる／京にある」という所在を示しているため、ここでは存在の意味である。断定の助動詞「なり」が場所的な存在を表す用法として扱われる。
59,助動詞,「（作例）もし、かかる悲しみを見ざらましかば、かく心を痛めざらまし。」,,引用文末の「まし」の意味として最も適当なものを選べ。,ためらいの意志・疑問（〜しようかしら）,実現不可能な希望（〜であればいいのに）,反実仮想（もし〜だったならば〜だろうに）,当然の義務（〜すべきだ）,3,「もしこのような悲しみを見なかったならば、これほど心を痛めなかっただろうに」と、事実に反する条件とその結果を想定しているため、文末の「まし」は反実仮想を表す。
60,助動詞,「（作例）いみじき物語、あまた見まほし。」,,引用文中の「まほし」の意味として最も適当なものを選べ。,他者への強制・命令（〜させたい）,自己の願望・希望（〜したい、〜であってほしい）,現在推量,当然,2,「素晴らしい物語を、たくさん読みたい（見たい）」という自分自身の強い希望を表しているため、これは自己の「希望・願望」になります。活用語の未然形に接続します。
61,助動詞,「（作例）かくおとなしく、賢き友を徳としたし。」,,引用文中の「たし」の意味として最も適当なものを選べ。,推量,打消,希望（〜したい）,過去,3,「賢い友を自分の支えとしたい」という話し手自身の願望を表すため「希望」である。「たし」は活用語の連用形に接続する。
62,助動詞,「（作例）愚かなる人とは交わり結ばじ。」,,引用文中の「じ」の意味として最も適当なものを選べ（※主語が一人称『自分は〜』の文脈）。,打消推量（〜ないだろう）,打消意志（〜しないつもりだ、〜まい）,当然,命令,2,「愚かな人とは付き合わないつもりだ（交わるまい）」という、自分自身の否定的な意志を表しているため、これは「打消意志」になります（「じ」は主語が三人称であれば打消推量「〜ないだろう」になります）。
63,助動詞,「雨の降り止まぬに、いづこへ行かまし。」,,疑問詞「いづこへ（どこへ）」を伴う、引用文中の「まし」のここでの意味として最も適当なものを選べ。,反実仮想,ためらいの意志・疑問（〜したらよいだろうか）,実現不可能な願望,当然,2,「どこへ行ったらよいものだろうか（いや、行くまいか）」という、どうしてよいか決めかねて困惑・思案する心境を表しているため、これは「ためらいの意志・疑問」になります。
64,助動詞,,,希望の助動詞『まほし』と『たし』の接続規則の違いとして、正しい説明はどれか。,『まほし』は未然形に接続し、『たし』は連用形に接続する,『まほし』は連用形に接続し、『たし』は未然形に接続する,両者とも終止形に接続する,『まほし』は体言にのみ接続する,1,希望の助動詞「まほし」（〜したい）は活用語の未然形に接続し、「たし」（〜したい）は活用語の連用形に接続します。接続の違いによって意味の同じ助動詞を使い分けます。
65,助動詞,,,打消推量・打消意志の助動詞「じ」は、活用語のどの形に接続するか。正しいものを選べ。,未然形,連用形,終止形,已然形,1,打消推量・打消意志の助動詞「じ」は、活用語の未然形に接続する（例：「行か＋じ」「あら＋じ」）。ラ変型も未然形に接続する。
66,助動詞,,,助動詞『まし』の活用形として、正しいパターンを選べ。,ませ（ましか）・○・まし・まし・ましか・○,まし・ましく・まし・まき・ましか・○,まら・まり・まり・まる・まれ・まれ,まし・まし・まし・まし・まし・まし,1,「まし」は、未然形が「ませ」または「ましか」、終止形・連体形が「まし」、已然形が「ましか」となる特殊活用である。
67,助動詞,「（作例）遠き都の人も、今ごろは同じ月を思ふらむ。」,,引用文中の「らむ」のこの文脈における意味として最も適当なものを選べ。,過去推量（〜したのだろう）,現在推量（今ごろ〜しているだろう）,原因推量（どうして〜なのだろう）,伝聞・婉曲,2,「今ごろ」という現在の時点について、「都の人も同じ月を思っているだろう」と推量しているため「現在推量」である。
68,助動詞,「（作例）何とて桜は散りぬらむ。」,,疑問詞「何とて（どうして）」を伴う、引用文中の「らむ」のここでの意味として最も適当なものを選べ。,現在推量,伝聞・婉曲,原因推量（どうして〜なのだろうか）,過去推量,3,疑問語「何とて」とともに、目の前の結果について「どうして桜は散ってしまったのだろう」と原因・理由を推量しているため「原因推量」である。
69,助動詞,「（作例）いにしへの人も、かかる夜は物思ひありけむ。」,,引用文中の「けむ」のこの文脈における意味として最も適当なものを選べ（※「いにしえ（過去）」の出来事の推量）。,現在推量,過去推量（〜したのだろう、〜だっただろう）,過去の原因推量,過去の伝聞・婉曲,2,「いにしえ（過去、昔）」の出来事について「昔の人も、このような夜は物思いにふけっていたのだろう」と推し量っているため、これは「過去推量」になります。連用形に接続します。
70,助動詞,,,現在推量の助動詞『らむ』は、活用語のどの形に接続するか、正しいものを選べ。,活用語の終止形（ラ変型は連体形）に接続する,未然形に接続する,連用形に接続する,已然形に接続する,1,現在推量の助動詞「らむ」（および「らし」「めり」「なり（伝聞推定）」などの終止形接続グループ）は、活用語の終止形（ラ変型は連体形）に接続します（例：「思ふ（終止形）＋らむ」）。
71,助動詞,「（作例）その人の気高きこと、美しき大輪の花のごとし。」,,引用文中の「ごとし」の意味として最も適当なものを選べ（※何かに例えている）。,存続,推量,比況（〜のようだ、〜と同じだ）,当然,3,人の気高い様子を「大輪の花」に例えて「花のようである」と述べているため、これは「比況」になります。体言や助詞「の」「が」、活用語の連体形に接続し、ク活用形容詞（ごとく・ごとく・ごとし・ごとき・○・○）と同様に活用します。
72,助動詞,「（作例）人の語る、旅の空にて聞きけむ鳥の声、あはれなり。」,,話し手が他人から聞いた過去の出来事を表し、名詞「鳥の声」を修飾する「けむ」の意味として最も適当なものを選べ。,過去推量,過去の原因推量,過去の伝聞・婉曲（〜したという、〜したような）,現在推量,3,話し手自身が経験したのではなく、人から聞いた過去の出来事として「旅先で聞いたという鳥の声」と名詞を修飾しているため、ここでは過去の伝聞を表す。
73,助動詞,「（文法知識）過去推量の助動詞『けむ』の接続規則について」,,過去推量の助動詞『けむ』は、活用語のどの形に接続するか、正しいものを選べ。,活用語の連用形に接続する,未然形に接続する,終止形に接続する,連体形に接続する,1,過去推量・過去伝聞の助動詞「けむ」（および過去の助動詞「き」「けり」など）は、活用語の連用形に接続します（例：「あり（連用形）＋けむ」）。
74,助動詞,「（作例）人の語る、かく思ふらむ心の内、いとあはれなり。」,,話し手が他人から聞いた現在の状態を表し、名詞「心の内」を修飾する「らむ」の意味として最も適当なものを選べ。,現在推量,現在の伝聞・婉曲（〜しているという、〜しているような）,原因推量,過去推量,2,人から聞いた現在の状態を「このように思っているという心の内」と間接的に表し、名詞を修飾しているため、ここでは現在の伝聞を表す。
75,助動詞,,,助動詞『ごとし』の活用変化の規則は、次のうちどの品詞の活用に準ずるか、正しいものを選べ。,形容詞（ク活用）,形容詞（シク活用）,動詞（ラ行変格活用）,形容動詞,1,比況の助動詞「ごとし」（ごとく・ごとく・ごとし・ごとき・○・○）の活用は、形容詞のク活用（高し等）に準じて変化します。
76,助詞・識別,「我が庵は都のたつみしかぞ住む（『古今和歌集』より）」,我が,対象箇所「が」の文法的意味として最も適当なものを一つ選べ。,主格（〜が）,連体修飾格（〜の）,同格（〜で）,準体格（〜のもの）,2,「我が庵（わがいお）」の「が」は、体言「我」の下について「庵」を修飾する「連体修飾格（〜の）」です。現代語の「私の庵」にあたります。
77,助詞・識別,「東路の道の果てよりも、なほ奥つ方に生ひ出でたる人（『更級日記』より）」,東路の,対象箇所「の」の文法的意味として最も適当なものを一つ選べ。,主格（〜が）,連体修飾格（〜の）,同格（〜で）,準体格（〜のもの）,2,「東路の道（あづまぢのみち）」の「の」は、体言「東路」が「道」を修飾する関係を示す「連体修飾格（〜の）」です。
78,助詞・識別,「（作例）花の散るを見て、春の暮れゆくを惜しむ。」,花の散る,対象箇所「花の」の「の」の文法的用法として最も適当なものを一つ選べ。,主格,連体修飾格,同格,準体格,1,「花の散る」は「花が散る」の意であり、「の」は動作「散る」の主体を示す主格の格助詞です。
79,助詞・識別,「（作例）白き鳥の、嘴と脚と赤き、池に遊ぶ。」,白き鳥の、嘴と脚と赤き,対象箇所の「の」の文法的用法として最も適当なものを一つ選べ。,主格（〜が）,連体修飾格（〜の）,同格（〜で、〜な）,準体格（〜のもの）,3,「白い鳥で、嘴と脚とが赤いものが」という関係で、前の体言と後続する説明部分とが同一のものを指すため、同格の格助詞「の」です。
80,助詞・識別,「人やりならず、己が心からおこせることなれば、...（『土佐日記』より）」,己が,対象箇所「が」の文法的用法として最も適当なものを一つ選べ。,主格（〜が）,連体修飾格（〜の）,同格（〜で）,準体格（〜のもの）,2,「己（おのれ）」という代名詞の下について、後ろの体言「心」を修飾しているため、連体修飾格の格助詞（〜の）になります。「自分自身の心から」と現代語訳します。
81,助詞・識別,「（作例）京の女房、文を読みけり。」,京の女房,対象箇所「京の」の「の」の文法的用法として最も適当なものを一つ選べ。,主格,連体修飾格,同格,準体格,2,体言「京」が後ろの体言「女房」を修飾する連体修飾格です。なお、連体詞「この」は通常、一語として扱います。
82,助詞・識別,「ただ人の御様はさらなり、舍人など賜はるべきは、ゆゆしと見ゆ。（『源氏物語』より）」,ただ人の,対象箇所「の」の文法的用法として最も適当なものを一つ選べ。,主格（〜が）,連体修飾格（〜の）,同格（〜で）,準体格（〜のもの）,2,「ただ人（普通の貴族）」が「御様（ご様子）」を修飾する構造です。「ただ人の御様（普通の貴族のご様子）」となるため、連体修飾格になります。
83,助詞・識別,「（作例）持てるのを、すべて人に与へつ。」,持てるのを,対象箇所「の」の文法的用法として最も適当なものを一つ選べ。,準体格（〜のもの、〜のこと）,主格（〜が）,同格（〜で、〜な）,連体修飾格（〜の）,1,「持っているものを」のように体言「もの」を補えるため、体言を代用する準体格です。
84,助詞・識別,「風吹かば、沖の白波立たむとや。（『伊勢物語』より）」,吹かば,対象箇所「ば」の接続と意味の組み合わせとして最も適当なものを一つ選べ。,未然形接続・順接仮定条件（もし〜ならば）,已然形接続・順接確定条件（〜ので）,已然形接続・順接確定条件（〜するといつも）,未然形接続・逆接仮定条件（〜としても）,1,「吹か」はカ行四段動詞「吹く」の未然形です。未然形＋「ば」は順接仮定条件（もし〜ならば）を表すため、「もし風が吹いたならば」と訳します。
85,助詞・識別,「（作例）人々、門を開くれば、客ども入り来たり。」,開くれば、,対象箇所「ば」の接続と意味として最も適当なものを一つ選べ。,未然形接続・順接仮定条件（もし〜ならば）,已然形接続・順接確定条件（〜ので / 〜すると）,連用形接続・単純接続（〜して）,終止形接続・逆接確定条件（〜けれども）,2,「開くれ」はカ行下二段動詞「開く」の已然形です。已然形＋「ば」は順接確定条件を表し、ここでは「門を開けると」と訳します。
86,助詞・識別,「（猫を）呼ばねば、かしがましく鳴きののしる。（『更級日記』より）」,呼ばねば,対象箇所「ば」の接続する直前の語「ね」の活用形と、「ば」の意味の組み合わせを選べ。,打消の助動詞「ず」の未然形 ＋ 仮定条件,打消の助動詞「ず」の已然形 ＋ 確定条件（〜ので）,完了の助動詞「ぬ」の已然形 ＋ 確定条件（〜したところ）,サ変形動詞の已然形 ＋ 恒常条件,2,「呼ばね」の「ね」は、打消の助動詞「ず」の已然形（ず・ず・ず・ぬ・ね・○）です。已然形＋「ば」は順接確定条件（原因・理由）となり、「（猫を）呼ばないので」と訳します。
87,助詞・識別,「人、木陰をやどとせば、花やこよひのあるじならまし。（『平家物語』より）」,とせば、,対象箇所「ば」の接続とここでの意味として正しいものを一つ選べ。,サ変動詞「す」の未然形に接続・順接仮定条件（もし〜としたならば）,サ変動詞「す」の已然形に接続・順接確定条件（〜したところ）,過去の助動詞「き」の未然形に接続・仮定条件,形容動詞の未然形に接続・希望,1,「やどとせ（宿とせ）」の「せ」はサ変動詞「す」の未然形です。未然形＋「ば」は順接仮定条件（もし〜ならば）になります。「もし宿としたならば」と訳します。
88,助詞・識別,「門だつ方は鎖して侍るなれば、...（『徒然草』より）」,なれば、,対象箇所「ば」の接続と意味の組み合わせとして最も適当なものを一つ選べ。,断定の助動詞「なり」の未然形接続・仮定条件,伝聞の助動詞「なり」の已然形接続・確定条件（〜ので）,断定の助動詞「なり」の已然形接続・確定条件（〜ので）,形容動詞「なり」の連用形接続・単純接続,3,「なれ」は断定の助動詞「なり」の已然形（なら・なり・なり・なる・なれ・なら）です。已然形に接続する「ば」は順接確定条件（〜ので）となるため、「〜であるので」と訳します。
89,助詞・識別,「雨の降りぬべきになむ見づらひ侍る。これ、雨は降らば、...（『伊勢物語』より）」,降らば、,対象箇所「ば」のここでの文法的説明として正しいものを一つ選べ。,四段動詞「降る」の未然形に接続する、仮定条件の接続助詞,四段動詞「降る」の已然形に接続する、原因・理由の接続助詞,ラ変動詞「降る」の未然形に接続する、恒常条件の接続助詞,助動詞「り」の未然形に接続する、逆接仮定条件,1,「降ら」はラ行四段動詞「降る」の未然形です。未然形＋「ば」は順接仮定条件（もし雨が降るならば）になります。
90,助詞・識別,「（猫が）かしがましく鳴きののしるに、（尼君が）おどろきて出でて見れば、...（『更級日記』より）」,ののしるに、,対象箇所「に」は接続助詞です。この「に」の前後における動作の主語（鳴きののしる／おどろきて出づ）の関係を正しく説明したものを選べ。,「に」の前後で、動作の主語は同一（どちらも猫）である,「に」の前後で、動作の主語は同一（どちらも尼君）である,「に」の前後で、動作の主語が「猫」から「尼君」へと転換している,「に」の前後で、動作の主語が「尼君」から「猫」へと転換している,3,接続助詞「を」「に」「が」の前後では、動作の主語が切り替わりやすいという読解ルールがあります。ここでは、かしがましく鳴きののしる主体は「猫」であり、「に」を挟んで、はっと驚いて出て見たのは「尼君（作者の姉ら）」になります。
91,助詞・識別,「（作例）（光源氏が）女房の姿をほめたるに、（女房は）恥ぢて奥へ入りぬ。」,ほめたるに、,対象箇所の前後における動作の主語の関係として、最も適当なものを一つ選べ。,前は光源氏、後は女房であり、主語が転換している,前後とも光源氏である,前後とも女房である,前は女房、後は光源氏である,1,ほめたのは光源氏、恥じて奥へ入ったのは女房です。「に」の前後で主語が必ず変わるのではなく、文脈から判定します。
92,助詞・識別,「男もすなる日記といふものを、女もしてみむとて、するなり。（『土佐日記』より）」,みむとて、,対象箇所「て」は接続助詞です。この「て」の前後における動作の主体（してみむ／する）の関係について、読解ルールに基づく説明として正しいものを一つ選べ。,接続助詞「て」の前後では、動作の主語は変わらない（同一人物）,接続助詞「て」の前後では、動作の主語は必ず転換する,「て」は逆接の接続助詞なので、主語は省略されない,直前の主語が男性で、直後の主語が女性になる,1,接続助詞「て（して）」の前後では、動作の主語は継続（同一）します。したがって、「（女が）書いてみようと思って、執筆するのだ」と、前後とも同一の「女」が主語になります。
93,助詞・識別,「門だつ方は鎖して侍るなれば、こなたの門より入り給へ。（『徒然草』より）」,なれば、,已然形＋「ば」の前後における主語（鎖して侍る／入り給へ）の関係を正しく説明したものを選べ。,順接の「ば」の前後では、原則として主語が同一になる,順接の「ば」の前後では、文脈上「門が鎖されている」という状況から「（あなたが）入りなさい」と、主語が異なる（主語の転換が起こる）,「ば」は格助詞なので主語判定の判断材料にはならない,前後の主語はどちらも話し手自身である,2,前件は門の状態、後件は聞き手への命令であり、文脈上の主体が異なります。「ば」の前後で主語が必ず変わるという規則ではありません。
94,助詞・識別,「我が庵は都のたつみしかぞ住む（『古今和歌集』より）」,しかぞ住む,対象箇所「ぞ」による係り結びの結びの語「住む」の活用形として正しいものを選べ。,終止形,連体形,已然形,命令形,2,係助詞「ぞ」があるため、文末の動詞「住む」（マ行四段活用）は、通常の終止形（住む）ではなく、連体形「住む」になります（マ行四段は終止形と連体形が同形ですが、文法的には連体形に結んでいます）。
95,助詞・識別,「これやこの行くも帰るも別れつつ知るも知らぬも逢坂の関（『後撰和歌集』より）」,これや,対象箇所「や」は係助詞です。この歌における「や」の文法的意味として最も適当なものを一つ選べ。,詠嘆を伴う強意（これがあの〜なのだなあ）,反語（どうして〜か、いや〜ない）,単純な疑問（〜か）,格助詞（〜を）,1,「これやこの」は、対象を強く指し示しながら詠嘆する表現です。疑問・反語ではありません。
96,助詞・識別,「名を聞くより、やがて面影は推し量らるる心ちするにや。（『徒然草』より）」,にや。,対象箇所「にや」の結びの説明として最も適当なものを一つ選べ。,「にや」の下に「あらむ」などの結びの動詞が省略されている,係助詞「や」の結びは「する」であり、省略はない,この「に」は完了の助動詞なので、結びは存在しない,「にや」は一語の終助詞である,1,「にや」「にか」の形は、下にラ変連体形「あらむ」が省略されているのが定番です（断定「なり」の連用形「に」＋係助詞「や」＋「あらむ」）。「〜であろうか」と訳します。
97,助詞・識別,「（文法知識）係助詞「なむ」を受ける結びが、さらに接続助詞や引用の「と」などへ続く場合」,係り結びの流れ,係助詞「なむ」による係り結びの「流れ」について、正しい説明を一つ選べ。,結びとなる語が接続助詞や引用の「と」などに続く場合、通常の係り結びが成立しないことがある,「なむ」の結びは必ず已然形になる,流れが起こると「なむ」自体が消える,係り結びの流れは「こそ」にしか起こらない,1,文が結びで完結せず接続助詞などへ続くと、係り結びが成立しないことがあります。これを係り結びの流れ（消滅）といいます。
98,助詞・識別,「この殿の御心、さばかりにこそありけれ。（『平家物語』より）」,ありけれ。,文末の「ありけれ」が已然形（ありけれ）になっている文法的な理由として最も適当なものを選べ。,直前に係助詞「こそ」があるため、係り結びにより已然形で結ばれているから,詠嘆の助動詞「けり」の連体形だから,完了の助動詞「り」の已然形だから,接続助詞「ば」が省略されているから,1,係助詞「こそ」が文中にあるため、文末の過去の助動詞「けり」が已然形「けれ」となり、「ありけれ」に結ばれています。これが「こそ ── 已然形」の係り結びの法則です。
99,助詞・識別,「（文法知識）無変化型の助動詞「じ」が係助詞「ぞ」の結びになる場合」,助動詞「じ」,係助詞「ぞ」を受けて助動詞「じ」が連体形になる場合、語形はどうなるか。正しいものを選べ。,「じ」は連体形も「じ」なので、形自体は変わらない（「あらじ」のまま）,「じ」の連体形である「じき」に変化する,「じ」の已然形である「しか」に変化する,「じ」は係り結びを嫌うため、消滅する,1,打消推量の助動詞「じ」は、無変化型（特殊型）の活用（○・○・じ・じ・じ・○）を持ち、終止形と連体形が同形です。したがって「ぞ」が入っても「あらじ」のままで形は変わりません。
100,助詞・識別,「鵄のゐたらんは、何かは苦しかるべき。（『徒然草』より）」,何かは,対象箇所「かは」の意味として最も適当なものを一つ選べ。,反語（どうして〜か、いや、〜ない）,疑問（どうして〜か）,強意（〜こそが）,詠嘆（〜だなあ）,1,「か・は」「や・は」は、反語を表す極めて定番の係助詞の重なりです。「どうして不都合があるはずがあろうか、いや、ない」と訳します。
101,助詞・識別,「心あらん友もがな。（『徒然草』より）」,友もがな。,対象箇所「もがな」の文法的説明として正しいものを一つ選べ。,終助詞「もがな」であり、強い願望（〜があればなあ）を表す,係助詞「も」 ＋ 終助詞「がな」の複合,強意の係助詞である,接続助詞「ものから」の省略形である,1,「もがな」は、体言や助詞などに接続して、実現が難しい事柄への強い願望（〜があるといいなあ、〜があればなあ）を表す終助詞です。
102,助詞・識別,「いつしか梅咲かなむ。（『更級日記』より）」,咲かなむ,対象箇所「なむ」の文法的説明として最も適当なものを一つ選べ。,他者への願望を表す終助詞（〜してほしい）,完了の助動詞「ぬ」の未然形 ＋ 推量の助動詞「む」の連体形,強意の係助詞,ナ変動詞「死ぬ」の未然形の一部 ＋ 意志の助動詞「む」,1,直前の「咲か」は、カ行四段動詞「咲く」の未然形です。未然形接続の「なむ」は他者への願望（〜してほしい）を表す終助詞になります。「（早く）梅が咲いてほしい」と訳します。
103,助詞・識別,「（作例）この機に、姫を見奉り給ひなむ。」,給ひなむ,対象箇所の「なむ」の構造として最も適当なものを一つ選べ。,四段動詞「給ふ」の連用形「給ひ」に接続する、完了の助動詞「ぬ」の未然形 ＋ 推量の助動詞「む」の連体形（きっと〜だろう / 〜してしまおう）,尊敬の補助動詞「給ふ」の未然形に接続する、願望の終助詞,相手に対する丁寧の終助詞,単一の係助詞「なむ」,1,連用形「給ひ」に、完了「ぬ」の未然形「な」と推量・意志「む」が続き、強意を伴います。
104,助詞・識別,「これ、あな心憂、となむ思し給ふらむ。（『源氏物語』より）」,となむ,対象箇所「なむ」の文法的識別として最も適当なものを一つ選べ。,他者への願望を表す終助詞,完了「ぬ」未然形 ＋ 推量「む」,強意の係助詞,伝聞推定の助動詞「なり」の変形,3,直前の「と」は引用の格助詞（体言に準ずる）です。体言や助詞、活用語の連体形などに接続する「なむ」は、強意の係助詞になります（文末が連体形「らむ」で結ばれています）。
105,助詞・識別,「（作例）（帝が使者に）門を強く鎖さなむ。」,鎖さなむ,対象箇所「なむ」の文法的説明として最も適当なものを一つ選べ。,四段動詞「鎖す」の未然形「鎖さ」に接続する、他者への願望の終助詞,完了「ぬ」の未然形＋推量「む」,強意の係助詞,伝聞・推定の助動詞,1,四段動詞の未然形に直接付く「なむ」は、他者への願望「〜してほしい」を表す終助詞です。
106,助詞・識別,「散りぬる後さへ、朝な夕なに眺め暮らしたるは、...（『更級日記』より）」,後さへ、,対象箇所「さへ」のここでの文法的意味（現代語訳）として最も適当なものを一つ選べ。,添加（〜までも、そのうえ〜さえ）,限定（〜だけ）,最小限の希望（せめて〜だけでも）,比較（〜よりも）,1,古文の副助詞「さへ」は、すでに起こっている事柄の上に、さらに別の事態が加わる「添加（〜までも、そのうえ〜までも）」を表します。「（花が）散ってしまった後までも」と訳します。
107,助詞・識別,「せめて名ばかりをも唱へんと思へども、うるはしくも言はず。（『宇治拾遺物語』より）」,名ばかりをも,対象箇所「ばかり」のここでの意味として最も適当なものを一つ選べ。,程度（〜ほど）,限定（〜だけ）,類推（〜さえ）,妥当（〜するのがよい）,2,「せめて名前だけでも（名前だけをでも）唱えようと思うが」という文脈から、範囲を限る限定（〜だけ）の意味になります。
108,助詞・識別,「（作例）せめて名だに聞かばや。」,名だに,対象箇所「だに」のここでの意味として最も適当なものを一つ選べ。,類推（〜さえ、〜でさえ）,最小限の限定（せめて〜だけでも）,添加（〜までもそのうえ）,強意（〜こそが）,2,後ろに「ばや（自己の希望）」などの意志や希望を伴う場合の「だに」は、最小限の限定（せめて〜だけでも）を表します。「せめて名前だけでも聞きたい」と訳します。
109,助詞・識別,「（尼君は）この猫を、北面にのみあらせて、...（『更級日記』より）」,北面にのみ,対象箇所「のみ」の品詞として正しいものを一つ選べ（文法分類を厳密に考慮すること）。,名詞の一部,副助詞,格助詞,終助詞,2,「のみ」は、体言や助詞などに接続して事物を限定・強調する副助詞です。名詞の一部でも格助詞でもありません。
110,助詞・識別,「（作例）ただ一度の不覚すら、身の大いなる損となる。」,不覚すら、,対象箇所「すら」のここでの文法的意味（訳し方）として最も適当なものを選べ。,〜でさえ（極端な例を挙げて、他を類推させる）,せめて〜だけでも,〜までもそのうえ,〜だけ（限定）,1,副助詞「すら」は、極端な例を提示して「〜でさえ（当然、他の場合は言うまでもない）」という類推を表します。「ただ一度の不覚でさえ」と訳します。
111,助詞・識別,「（かぐや姫を）いかでこのかぐや姫を得てしがな、見てしがな。（『竹取物語』より）」,得てしがな、,対象箇所「てしがな」の接続と意味の組み合わせとして最も適当なものを選べ。,連用形接続・自己の希望（〜したいものだなあ）,未然形接続・他者への願望（〜してほしい）,終止形接続・念押し（〜に違いない）,已然形接続・確定条件,1,「得（え）」はア行下二段動詞「得る」の連用形です。活用語の連用形に接続する「てしがな・にしがな」は、自己の強い希望（〜したいものだなあ、〜したい）を表す終助詞です。
112,助詞・識別,「（かぐや姫を）いかで、このかぐや姫を得て、妻とせばや。（『竹取物語』より）」,妻とせばや。,対象箇所「ばや」の接続と意味の組み合わせとして最も適当なものを選べ。,未然形接続・自己の希望（〜したい）,連用形接続・他者への願望（〜してほしい）,已然形接続・原因・理由（〜なので）,終止形接続・疑問（〜だろうか）,1,「せ」はサ変動詞「す」の未然形です。活用語の未然形に接続する「ばや」は、自己の希望（〜したい、〜しよう）を表す終助詞です。「妻としたい」と訳します。
113,助詞・識別,「（作例）このこと、人に語りそ。」,語りそ,対象箇所の終助詞「そ」の接続と意味として正しいものを一つ選べ。,連用形に接続し、禁止（〜するな）を表す,未然形に接続し、他者への願望を表す,終止形に接続し、疑問を表す,已然形に接続し、逆接を表す,1,「語り」は四段動詞の連用形で、終助詞「そ」は連用形に接続して禁止を表します。
114,助詞・識別,「（作例）このこと、後の世に伝へよかし。」,伝へよかし,対象箇所「かし」の文法的意味として最も適当なものを一つ選べ。,念押し・確認（〜だよ、〜だね）,疑問・反語（〜だろうか）,強い禁止（〜するな）,自己の強い希望,1,終助詞「かし」は文末に置かれ、相手への念押し・強調を表します。ここでは「ぜひ後世に伝えよ」の意を強めています。
115,助詞・識別,「（文法知識）間投助詞「を」が文中で体言や活用語などの後に置かれる場合」,間投助詞「を」,間投助詞「を」の一般的な働きとして最も適当なものを一つ選べ。,文中で語調を整え、詠嘆や呼びかけの気持ちを添える,動作の目的語を示す,逆接確定条件を表す,動作の起点を示す,1,間投助詞「を」は語調を整え、詠嘆・呼びかけなどを添えます。格助詞・接続助詞の「を」と区別します。
116,助詞・識別,「（俊成卿は）対面せさせ給はねば、使ひをして、これを奉る。（『平家物語』より）」,使ひをして、,対象箇所「して」のここでの意味（役割）として最も適当なものを一つ選べ。,動作を共にする「〜と一緒に」（共同）,使役・仲介の対象「〜に命じて / 〜を通じて」（〜に、〜をして）,手段・方法「〜を用いて」（〜で）,単純な接続（〜して）,2,使役・仲介の主体（使ひ）の下について「〜を介して、〜に（命じて）」という意味を表す格助詞の「して」です。「使いを通じて、これ（和歌）を差し上げる」と訳します。
117,助詞・識別,「（若宮に、帝が）男三人して、御車をひかせ給ふ。（『源氏物語』より）」,三人して、,対象箇所「して」のここでの意味（役割）として最も適当なものを一つ選べ。,動作の共同者・人数「〜で、〜の人数で」,起点を示す「〜から」,接続を表す「〜として」,使役の対象「〜に命じて」,1,人数を表す語の下につく「して」は、動作の共同者・手段（〜で、〜の人数で）を表します。「男性三人で、お車を引かせなさる」と訳します。
118,助詞・識別,「東路の道の果てよりも、なほ奥つ方に生ひ出でたる人（『更級日記』より）」,果てよりも,対象箇所「より」の意味として最も適当なものを一つ選べ。,比較の基準（〜よりも）,起点・出発点（〜から）,手段・方法（〜によって）,経過地（〜を通って）,1,「よりも」の形で、「道の果てよりも、さらに奥」という比較の基準を示します。
119,助詞・識別,「（猫を）北面にのみあらせて、呼ばねば、かしがましく鳴く。（『更級日記』より）」,北面に,「北面に（のみ）」の「に」の文法的意味（格助詞としての役割）として最も適当なものを一つ選べ。,動作の行われる場所（〜に、〜において）,動作の対象・目的,変化の結果,接続（〜したところ）,1,「北面（家の北側の部屋）」という場所を示す体言の下についているため、場所を示す格助詞（〜に）になります。
120,助詞・識別,「角左衛門の行ひを、後の世に伝へんがために書いたるなり。（『狗張子』より）」,がために,対象箇所「に」のここでの文法的役割として最も適当なものを選べ。,目的を表す格助詞（〜のために）,原因・理由を表す接続助詞（〜ので）,断定の助動詞「なり」の連用形,副詞の一部,1,「ため（名詞）」の下につく「に」は、動作の方向や目的、理由を補完する格助詞になります。「伝えるという目的のために」と訳します。
121,助詞・識別,「（若宮の様子を）あな心憂、と思ふらむものの、言ひ出づべき言葉もなし。（『源氏物語』より）」,らむものの、,対象箇所「ものの」の文法的意味として最も適当なものを一つ選べ。,逆接確定条件（〜けれども、〜ものの）,順接仮定条件（〜ならば）,単純接続（〜したところ）,同格の連鎖,1,「ものの」「ものから」「ものゆゑ」は、活用語の連体形に接続して、確定している事実に対して矛盾する事態をつなぐ逆接確定条件（〜けれども、〜のに）を表します。「悲しく思っているだろうけれども」と訳します。
122,助詞・識別,「（文法知識）接続助詞「ものゆゑ」が活用語の連体形に接続する場合」,接続助詞「ものゆゑ」,接続助詞「ものゆゑ」の意味として最も適当なものを一つ選べ。,逆接確定条件（〜けれども、〜のに）,順接確定条件（〜ので、〜から）,目的（〜するために）,単純接続（〜したところ）,1,接続助詞「ものゆゑ」は活用語の連体形に接続し、逆接確定条件「〜けれども、〜のに」を表します。原因・理由を表す連語「ものゆゑ」と混同しないよう、文脈と接続を確認します。
123,助詞・識別,「（亡き児を）見しかば遠く悲しき別れせましや、と思ふものから、...（『土佐日記』より）」,思ふものから、,対象箇所「ものから」のここでの文法的意味として最も適当なものを一つ選べ。,逆接確定条件（〜けれども、〜のに）,順接仮定条件（〜ならば）,比況（〜のように）,願望（〜したい）,1,「ものから」も連体形「思ふ」の下について、「〜と思うけれども / 思うものの」という逆接確定条件を表します。
124,助詞・識別,「（作例）昔の人を思ふ心地して、涙こぼる。」,心地して,対象箇所「し」の文法的説明として正しいものを一つ選べ。,サ変動詞「す」の連用形,過去の助動詞「き」の連体形,強意の副助詞,形容詞の一部,1,名詞「心地」にサ変動詞「す」の連用形「し」が続き、接続助詞「て」が付いています。
125,助詞・識別,「見しかば遠く悲しき別れせましや。その児のありし時に...（『土佐日記』より）」,ありし時に,対象箇所「し」の文法的説明として最も適当なものを一つ選べ。,サ変動詞「す」の連用形,過去の助動詞「き」の連体形,強意の副助詞,連用形接続の接続助詞,2,ラ変型動詞「あり」の連用形「あり」に接続しており、後ろの体言「時」を修飾しているため、過去の助動詞「き」の連体形「し」になります（せ・○・き・し・しか・○）。
126,助詞・識別,「（作例）客人をかしこくし給ひて、奥へ招き入れ給ふ。」,かしこくし,対象箇所「し」の文法的説明として正しいものを一つ選べ。,サ変動詞「す」の連用形「し」,過去の助動詞「き」の連体形「し」,強意の副助詞「し」,単語の一部（形容詞の一部）,1,「かしこく（形容詞『かしこし』の連用形）」 ＋ 「し（サ変『す』の連用形）」 ＋ 「給ひて（尊敬の補助動詞）」という構成です。「手厚くもてなしなさって」という意味になり、動作を示すサ変「す」の連用形になります。
127,助詞・識別,「花は盛りに、月はくまなきをのみ見るものかは。雨に向かひて月を恋ひ、垂れこめて春の行方知らぬも、なほあはれに、情け深し。（『徒然草』より）」,知らぬも、,対象箇所「も」のここでの文法的な役割として最も適当なものを選べ。,同種類の事柄を並列・添加する係助詞（〜もまた）,逆接の接続助詞,疑問を強める終助詞,目的を表す格助詞,1,「恋ふ（こと）」や「知らぬ（こと）」といった、同様に趣深い事柄を並列（添加）して提示している係助詞「も」になります。
128,助詞・識別,「用ありて行きたりとも、その事果てなば、とく帰るべし。（『徒然草』より）」,行きたりとも、,対象箇所「とも」のここでの文法的説明として最も適当なものを選べ。,逆接仮定条件の接続助詞（たとえ〜としても）,逆接確定条件の接続助詞（〜けれども）,引用の格助詞「と」 ＋ 係助詞「も」,順接確定条件,1,「行きたり（用事があって行った）」という仮定・確定の状況に対して、「たとえ行ったとしても」という逆接仮定条件（たとえ〜としても）をつなぐ接続助詞「とも」です（終止形接続）。
129,助詞・識別,「（作例）大御酒まゐるとも、心は慰まじ。」,まゐるとも,対象箇所「とも」の意味として最も適当なものを一つ選べ。,逆接仮定条件を表す接続助詞（たとえ差し上げるとしても）,順接確定条件を表す接続助詞,引用の格助詞「と」 ＋ 係助詞「も」,希望を表す終助詞,1,終止形「まゐる」に接続する「とも」は、逆接仮定条件「たとえ〜としても」を表します。
130,助詞・識別,「（作例）客に大御酒まゐりて、歌を詠みけり。」,まゐりて,対象箇所「て」の接続と意味として最も適当なものを一つ選べ。,動詞の連用形に接続する、単純接続（〜して）の接続助詞,動詞の未然形に接続する、仮定条件の接続助詞,完了の助動詞「つ」の連用形,断定の助動詞「なり」の変形,1,連用形「まゐり」に接続する「て」は、動作を順に結ぶ単純接続を表します。
131,助詞・識別,「北面のみあらせて呼ばねば、かしがましく鳴きののしるに、...（『更級日記』より）」,ののしるに、,対象箇所「に」の接続関係からわかる、この「に」の文法分類を正しく答えたものを選べ。,連体形「ののしる」に接続しているため、接続助詞である,体言に接続しているため、格助詞である,動詞の連用形に接続しているため、助動詞の一部である,未然形に接続しているため、打消の助動詞である,1,「ののしる」は動詞の連体形です。活用語の連体形に接続する「に」は、前後の文をつなぐ役割をする接続助詞になります。
132,助詞・識別,「秋の野に人待つ虫の声なり。（『徒然草』より）」,秋の野に,対象箇所「に」の文法分類として最も適当なものを一つ選べ。,格助詞（場所を示す）,接続助詞（〜ところ）,断定の助動詞「なり」の連用形「に」,形容動詞の連用形活用語尾,1,体言「秋の野」に直接接続しており、場所を示すため、これは場所を示す格助詞になります。
133,助詞・識別,「角左衛門の行ひは、実にめでたきことにあり。（『狗張子』より）」,ことにあり,対象箇所「に」の文法的説明（品詞）として最も適当なものを一つ選べ。,断定の助動詞「なり」の連用形,格助詞,接続助詞,完了の助動詞「ぬ」の連用形,1,体言「こと」に接続し、下に「あり（補助動詞）」を伴う「〜にあり」の「に」は、断定の助動詞「なり」の連用形になります（〜である）。
134,助詞・識別,「（作例）猫、走り来にけり。」,走り来にけり,対象箇所「に」の文法的識別として正しいものを選べ。,完了の助動詞「ぬ」の連用形,断定の助動詞「なり」の連用形,場所を示す格助詞,接続助詞,1,カ行変格活用動詞「来」の連用形「き」に接続する「に」は、完了の助動詞「ぬ」の連用形です。
135,助詞・識別,「（若宮に、帝が）御気色およばぬなむ、あな心憂、と思ひて、...（『源氏物語』より）」,思ひて、,対象箇所「て」の直前の語「思ひ」の活用形として正しいものを選べ。,未然形,連用形,終止形,連体形,2,「思ひ」はハ行四段動詞「思ふ」の連用形です。接続助詞「て」は活用語の連用形に接続します。
136,助詞・識別,「これ、あな心憂、と思し給ふらむ。俊成卿に対面し給ふべきことならねば、...（『平家物語』より）」,俊成卿に,対象箇所「に」のここでの文法的用法（格助詞）として最も適当なものを選べ。,動作の相手・対象（〜に、〜に対して）,動作の行われる場所,変化の結果,比較の基準,1,「対面する」という動作の対象（俊成卿）を示すため、対象の格助詞（〜に）になります。
137,助詞・識別,「我が庵は都のたつみにしかぞ住む。（『古今和歌集』より）」,都のたつみに,対象箇所「に」の文法的用法として最も適当なものを一つ選べ。,場所を示す格助詞（〜に）,接続助詞,断定「なり」の連用形,完了「ぬ」の連用形,1,体言「都のたつみ」に接続し、居住する場所を示す格助詞です。
138,助詞・識別,「（作例）十二年の山ごもりに、さまざまのことを学びたり。」,山ごもりに、,対象箇所「に」のここでの意味として最も適当なものを一つ選べ。,時間・期間を示す格助詞（〜において、〜の間に）,順接の接続助詞,断定の助動詞「なり」の連用形,状態を示す形容動詞の一部,1,「十二年の山ごもり」という特定の期間・状況を示す体言の下について、時や状況を限定する格助詞になります。
139,助詞・識別,「（尼君が）かしがましく鳴きののしるに、おどろきて出でて見れば、...（『更級日記』より）」,見れば、,対象箇所「ば」の直前の語「見れ」の活用形と、この「ば」の意味として正しいものを一つ選べ。,マ行上一段動詞「見る」の已然形＋確定条件,マ行上一段動詞「見る」の未然形＋仮定条件,サ変動詞「す」の已然形＋確定条件,形容詞の已然形＋理由,1,「見れ」はマ行上一段動詞「見る」の已然形（み・み・みる・みる・みれ・みよ）です。已然形に「ば」がついているため、順接確定条件（〜したところ）となり、「出て見たところ、」と訳します。
140,助詞・識別,「（作例）急ぎ行くとも、日暮れまでには着くまじ。」,行くとも、,対象箇所「とも」のここでの用法として正しいものを選べ。,カ行四段動詞「行く」の終止形に接続する、逆接仮定条件の接続助詞（たとえ〜としても）,カ行四段動詞「行く」の連体形に接続する、格助詞 ＋ 係助詞,順接確定条件の接続助詞,願望の終助詞,1,「行く」はカ行四段動詞の終止形です。終止形＋「とも」は逆接仮定条件（たとえ〜としても）を表します。「たとえ急いで行ったとしても」と訳します。
141,助詞・識別,「（作例）客に大御酒まゐるに、人々よろこびたり。」,まゐるに,対象箇所「に」の意味として最も適当なものを一つ選べ。,〜すると／〜したところ（単純接続）,〜に対して（逆接）,〜のために（目的）,〜のように（比況）,1,連体形「まゐる」に接続する接続助詞「に」で、ここでは前後の出来事をつなぐ単純接続を表します。
142,助詞・識別,「（翁のセリフ）「かぐや姫を養ひ奉ること二十余年になりぬ。おん文添へて参らす。」（『竹取物語』より）」,添へて、,対象箇所「て」のここでの意味として最も適当なものを一つ選べ。,単純接続（〜して）,仮定条件,並列（〜であり、〜である）,逆接確定条件,1,ハ行下二段動詞「添ふ」の連用形「添へ」に接続する接続助詞「て」です。動作を順番通りに「お手紙を添えて、差し上げる」とつなぐ単純接続の用法です。
143,助詞・識別,「（作例）その獣、いとをかしげなる猫にあり。」,猫にあり。,対象箇所「に」のここでの文法的説明として正しいものを選べ。,断定の助動詞「なり」の連用形,完了の助動詞「ぬ」の連用形,格助詞,形容動詞の一部,1,体言「猫」に接続し、下に補助動詞「あり」を伴う「〜にあり」の形ですので、断定の助動詞「なり」の連用形「に」になります。
144,助詞・識別,「（作例）歌を奉りに、使ひを遣はす。」,奉りに,対象箇所「に」のここでの意味（役割）として最も適当なものを一つ選べ。,動作の目的（〜するために、〜しに）,動作の行われる場所,完了の助動詞「ぬ」の連用形,接続助詞,1,動詞「奉る（差し上げる）」の連用形「奉り」の下について、後ろの動作「遣はす（派遣する）」の目的を示す格助詞「に」になります。「差し上げに（使者を）行かせる」と訳します。
145,助詞・識別,「（作例）昔のことを思ひおこして、なほあはれに思ふ。」,思ひおこして、,対象箇所「て」の文法的説明として最も適当なものを一つ選べ。,動作の連続を示す接続助詞（〜して、〜したうえで）,強意の終助詞,並列の接続助詞,逆接確定条件,1,動詞「思ひおこす」の連用形「思ひおこし」に接続する、単純接続（動作の連続：〜して）の接続助詞「て」です。
146,助詞・識別,「（作例）案内なきに、ひとり奥へ入りぬ。」,案内なきに,対象箇所「に」の品詞と意味として最も適当なものを選べ。,接続助詞（〜のに）,場所を示す格助詞,断定「なり」の連用形,形容動詞の活用語尾,1,形容詞「なし」の連体形「なき」に接続する接続助詞で、ここでは逆接「案内がないのに」を表します。
147,助詞・識別,「（作例）あたり静かにして、人の気配なし。」,静かに,対象箇所「に」の文法的説明として最も適当なものを一つ選べ。,ナリ活用形容動詞「静かなり」の連用形活用語尾,格助詞,接続助詞,断定の助動詞,1,「静かに」はナリ活用形容動詞「静かなり」の連用形で、「に」はその活用語尾です。
148,助詞・識別,「（作例）その話をあはれに思ひて、涙を流す。」,あはれに,対象箇所「に」の文法的説明として最も適当なものを一つ選べ。,ナリ活用形容動詞「あはれなり」の連用形活用語尾,格助詞,接続助詞,断定の助動詞,1,「あはれに」はナリ活用形容動詞「あはれなり」の連用形で、「に」はその活用語尾です。
149,助詞・識別,「（作例）かの人を見奉らば、いと嬉しからむ。」,見奉らば、,対象箇所「ば」の接続と意味の組み合わせとして最も適当なものを選べ。,謙譲の補助動詞「奉る」の未然形に接続する、順接仮定条件（もし拝見したならば）,謙譲の補助動詞「奉る」の已然形に接続する、順接確定条件（拝見したところ）,四段動詞の已然形に接続する、確定条件,助動詞の連用形に接続する、仮定条件,1,「見奉ら」の「奉ら」は、謙譲の補助動詞「奉る」の未然形です。未然形＋「ば」は順接仮定条件を表し、「もし拝見したならば」と訳します。
150,助詞・識別,「（作例）御文聞こえ給はば、まことに嬉しからむ。」,聞こえ給はば、,対象箇所「ば」の直前の語「給は」の活用形と、この「ば」の意味として正しいものを一つ選べ。,ハ行四段動詞「給ふ」の未然形＋順接仮定条件,ハ行四段動詞「給ふ」の已然形＋順接確定条件,下二段動詞の未然形＋願望,サ変動詞の已然形＋理由,1,「給は」はハ行四段動詞「給ふ」の未然形です。未然形＋「ば」は順接仮定条件「もし〜ならば」を表します。
151,敬語,「世のなかにのしり給ふ光源氏、かかるついでに見奉り給はむや。（『源氏物語』より）」,奉り,対象箇所「奉り」の敬語の種類と、ここでの役割として正しいものを一つ選べ。,謙譲の本動詞（〜を差し上げる）,尊敬の補助動詞（〜なさる）,謙譲の補助動詞（〜申し上げる）,丁寧の補助動詞（〜です・〜ます）,3,動詞「見」の下について動作を補助する「奉る（たてまつる）」は、謙譲の補助動詞（〜申し上げる）です。見申し上げる対象（光源氏）に対する敬意を表します。
152,敬語,「（帥殿に、馬の頭、大御酒）まゐる。（『宇治拾遺物語』より）」,まゐる,対象箇所「まゐる」のここでの意味（現代語訳）として最も適当なものを一つ選べ。,参上する,差し上げる,召し上がる,召集する,2,身分の高い人物（帥殿）に対して物（大御酒など）を「差し上げる（与ふの謙譲）」意味の本動詞です。※「召し上がる」は尊敬語、「参上する」は行くの謙譲語ですが、ここでは対象に飲食物などを提供する文脈のため「差し上げる」が正解です。
153,敬語,「帝に御返事を聞こゆ。」（作例）,聞こゆ,対象箇所「聞こゆ」の敬語の種類と意味として正しいものを一つ選べ。,尊敬語／お聞きになる,謙譲語／申し上げる,丁寧語／ございます,尊敬の補助動詞／〜なさる,2,「聞こゆ」は「言ふ」の謙譲語で、「申し上げる」の意。動作の受け手である帝を高める。
154,敬語,「（翁のセリフ）「かぐや姫を養ひ奉ること二十余年になりぬ。」（『竹取物語』より）」,奉る,対象箇所「奉る」のこの文脈における「敬意の主体（誰から）」と「敬意の客体（誰へ）」の組み合わせとして正しいものを一つ選べ。,敬意の主体：かぐや姫 → 敬意の客体：翁・媼,敬意の主体：翁 → 敬意の客体：かぐや姫,敬意の主体：作者 → 敬意の客体：翁,敬意の主体：翁 → 敬意の客体：帝,2,会話文中にある敬語なので、敬意の主体（誰から）は話し手（翁）になります。「奉る」は謙譲の補助動詞であり、動作の受け手（養育されるかぐや姫）を高めるため、敬意の客体（誰へ）はかぐや姫になります。したがって「翁 → かぐや姫」への敬意です。
155,敬語,「（文法識別問題）」,引用本文全体,動作の主体を高める尊敬の補助動詞「給ふ」には、「四段活用」と「下二段活用」の2つがあります。では、「下二段活用」の「給ふ」の意味・用法として正しいものを一つ選べ。,主語を高める尊敬の補助動詞（〜なさる）,話し手自身の動作をへりくだる謙譲の補助動詞（〜ております／〜させていただきます ※会話・手紙文限定）,聞き手を高める丁寧の本動詞（〜ございます）,自分の身内を高める謙譲の本動詞,2,補助動詞「給ふ」の識別は古典敬語の最重要項目です。四段活用は「尊敬（〜なさる）」ですが、下二段活用は謙譲の補助動詞（〜ております／〜させていただきます）となります。会話や手紙の中で、話し手（私）自身の動作（思う、見る、聞く等）にくっついて聞き手に対する敬意を表す極めて特殊な用法（自謙表現）です。
156,敬語,「よきに奏し給へ、啓し給へ。（『枕草子』より）」,奏し,対象箇所「奏し」「啓し」は、奏上する（申し上げる）相手によって厳密に使い分ける絶対敬語です。それぞれの使い分けの正しい組み合わせを選べ。,奏す：東宮（皇太子） ／ 啓す：天皇・上皇,奏す：神仏 ／ 啓す：天皇,奏す：天皇・上皇 ／ 啓す：中宮（皇后）・東宮（皇太子）,奏す：一般の貴族 ／ 啓す：神仏,3,「奏す（さうす）」は天皇・上皇に対して申し上げる場合に用いる絶対敬語（謙譲語）であり、「啓す（けいす）」は中宮（皇后）や東宮（皇太子）に対して申し上げる場合に用いる絶対敬語（謙譲語）です。この識別により、誰に話しかけているか（あるいは誰に報告しているか）が判断しやすく特定できます。
157,敬語,「（地の文）「（俊成卿は、忠度を）対面したまふべきことならねば、」（『平家物語』より）」,たまふ（給ふ）,対象箇所「たまふ（給ふ）」のここでの敬意の主体（誰から）と客体（誰へ）の組み合わせとして正しいものを一つ選べ。,敬意の主体：話し手（忠度） → 敬意の客体：俊成卿,敬意の主体：作者 → 敬意の客体：忠度,敬意の主体：話し手（忠度） → 敬意の客体：忠度自身,敬意の主体：作者 → 敬意の客体：俊成卿,4,会話文ではなく、作者が語る「地の文」であるため、敬意の主体（誰から）は作者になります。また、四段活用の「たまふ」は尊敬の補助動詞で動作の主体を高めるため、敬意の客体（誰へ）は、対面するという動作を行っている「俊成卿」になります。よって「作者 → 俊成卿」への敬意です。
158,敬語,「「御気色およばぬなむ、あな心憂、となむ思し給ふらむ。」（『源氏物語』より）」,思し給ふ（おぼしたまふ）,対象箇所「思し給ふ（おぼしたまふ）」の「思し（おぼし）」と「給ふ（たまふ）」の敬語の種類の組み合わせとして正しいものを一つ選べ。,謙譲語 ＋ 尊敬語,尊敬語 ＋ 尊敬語 （二重敬語・最高敬語）,尊敬語 ＋ 丁寧語,丁寧語 ＋ 尊敬語,2,「思し（おぼし ＝ 思ふの尊敬）」＋「給ふ（たまふ ＝ 尊敬の補助動詞）」という、尊敬語が2つ重なった「二重敬語（最高敬語）」です。主語である高貴な人物（ここでは帝などの皇族級）への最大級の敬意を表します。
159,敬語,「親王、大殿ごもりて明かし給ひてけり。（『徒然草』より）」,大殿ごもり（おほとのごもる）,対象箇所「大殿ごもり（おほとのごもる）」の敬語の種類と、現代語訳の組み合わせとして正しいものを一つ選べ。,謙譲語 ／ お供し申し上げて,尊敬語 ／ お眠りになって（おやすみになって）,丁寧語 ／ 退出いたしまして,尊敬語 ／ 宮中に参上なさって,2,「おほとのごもる（大殿ごもる）」は、身分の高い高貴な人物が眠ることを表す「寝る」の尊敬語です。現代語の「おやすみになる」に相当します。
160,敬語,「帝が、御使いをかしこく思ほしめして、御使を召して、のたまふ。（『竹取物語』より）」,のたまふ,対象箇所「のたまふ」の意味（現代語訳）として最も適当なものを一つ選べ。,お聞きになる,おっしゃる,ご覧になる,差し上げる,2,「のたまふ」は「言う」の尊敬語で、「おっしゃる」という意味になります。動作を行う主体である帝に対する尊敬を表しています。
161,敬語,「このふるさとの月は涙にかきくれて、その世ながらの影は見えず。」（『更級日記』）,見えず,対象箇所「見えず」の文法的説明と訳として正しいものを一つ選べ。,「見ゆ」＋打消「ず」／（月の光が）見えない,謙譲語「まみゆ」＋打消「ず」／お目にかからない,尊敬語「見る」＋打消「ず」／ご覧にならない,可能の助動詞「ゆ」＋打消「ず」／見ることが許されない,1,ここは月の「影（光）」が涙に曇って見えないという文脈。「見え」はヤ行下二段動詞「見ゆ」の未然形で、敬語ではない。「まみゆ（お目にかかる）」と混同しない。
162,敬語,「（僧都のセリフ）「尼君、おはする所はどこぞ。」（『源氏物語』より）」,おはする,対象箇所「おはする」の敬語の種類と、ここでの文法的な位置づけとして正しいものを一つ選べ。,尊敬の本動詞（いらっしゃる）,尊敬の補助動詞（〜なさる）,謙譲の本動詞（参上する）,丁寧の本動詞（あります）,1,「おはす（サ変）」は、「あり・をり・行く・来」の尊敬語です。ここでは単独で用いられており、尼君が「いらっしゃる（おられる）」場所を指すため、尊敬の本動詞になります。
163,敬語,「（地の文）「帝、若宮を常に近く召し寄せたまふ。」（『源氏物語』より）」,召し,対象箇所「召し」の敬語の種類と、ここでの意味の組み合わせとして正しいものを一つ選べ。,謙譲語 ／ 参上させる,尊敬語 ／ お呼びになる（お呼び寄せになる）,尊敬語 ／ 召し上がる,丁寧語 ／ お仕えする,2,「召す（めす）」は「呼ぶ・寄せる・食ふ・飲む・着る・乗る」の尊敬語です。ここでは帝が若宮を近くに「お呼び寄せになる」という意味の本動詞（尊敬）になります。
164,敬語,「（地の文）「藤原氏の栄華、深く心にとどまりて、なほ古き世の思ひ出を書きのこさむとす。」（作例）」,文法知識,（文法知識問題）敬語表現「たてまつる」は極めて多くの意味を持つ多義語です。では、「たてまつる」の尊敬語としての意味（衣食乗の尊敬）に含まれないものを一つ選べ。,お召し（お召し物）になる,召し上がる,お乗りになる,差し上げる,4,「たてまつる」は、謙譲語としては「差し上げる（与ふの謙譲）」ですが、尊敬語としては「（着物を）お召しになる」「（飲食物を）召し上がる」「（乗り物に）お乗りになる」という衣食乗（い・しょく・じゅう）の尊敬語になります。「差し上げる」は謙譲語の意味であるため、尊敬語の意味には含まれません。
165,敬語,「北面にのみあらせて呼ばねば、かしがましく鳴きののしる。」（『更級日記』）,あらせ,対象箇所「あらせ」の「せ」の意味として最も適当なものを一つ選べ。,尊敬,使役,受身,自発,2,猫を北向きの場所にだけ「いさせて」という意味なので、「せ」は使役の助動詞「す」の連用形。尊敬の助動詞「す」と同形であるため、主語・文脈・後続語から判断する。
166,敬語,「大納言殿の参り給へるなりけり。」（作例）,参り,対象箇所「参り」の敬語の種類と、ここでの文脈上の意味を一つ選べ。,尊敬語（いらっしゃる）,謙譲語（参上する / お目にかかる）,丁寧語（〜でございます）,尊敬の補助動詞（〜なさる）,2,「参る（まゐる）」は「行く・来」の謙譲語（参上する）です。大納言殿が（中宮などのもとへ）参上なさったことを表し、参上する先（客体）を高めます。
167,敬語,「（地の文）「帝、大臣の言葉を聞こしめして、深くうなづきたまふ。」（作例）」,聞こしめし,対象箇所「聞こしめし」の意味（現代語訳）として最も適当なものを一つ選べ。,お聞きになる,おっしゃる,差し上げる,参上なさる,1,「聞こしめす（きこしめす）」は「聞く」の尊敬語であり、「お聞きになる」という意味です。また「知る・治める・召し上がる」の尊敬語としても用いられますが、ここでは言葉を「お聞きになる」という文脈が適当です。
168,敬語,「（会話文）「（かぐや姫のセリフ）『この薬の壺に御文添へて参らす。』」（『竹取物語』より）」,参らす（まゐらす）,対象箇所「参らす（まゐらす）」のここでの意味（現代語訳）として最も適当なものを一つ選べ。,お召しになる,差し上げる（進上する）,参上する,召し上がる,2,「参らす（まゐらす）」は「与ふ」の謙譲語であり、身分の高い相手（帝）に対して物を「差し上げる（進上する）」という意味になります。※『竹取物語』の原文に基づく正確な敬語解釈です。
169,敬語,「（地の文）「后、中宮のおはする御殿にまうで給ふ。」（作例）」,まうで,対象箇所「まうで」の敬語の種類と、ここでの訳の組み合わせとして正しいものを一つ選べ。,尊敬語 ／ いらっしゃる,謙譲語 ／ 参上する（お参りする）,丁寧語 ／ ございます,尊敬語 ／ 召し上がる,2,「まうづ（詣づ）」は、社寺にお参りしたり、高貴な人物の居所に赴いたりすることを表す「行く・来」の謙譲語（参上する）です。
170,敬語,「（地の文）「中宮のおはします御前に、人々あまたさぶらふ。」（作例）」,さぶらふ,対象箇所「さぶらふ」のここでの敬語の種類と意味として最も適当なものを一つ選べ。,丁寧の補助動詞（〜です・〜ます）,謙譲の本動詞（お仕えする / 伺候する）,尊敬の本動詞（いらっしゃる）,謙譲の補助動詞（〜申し上げる）,2,「さぶらふ」「はべり」は、体言（人々など）の下に直接つき、高貴な人物の側に「お仕えする（伺候する）」、あるいは「控える・ある・をる」を表す謙譲の本動詞になります。地の文なので、作者からその場にいる高貴な人物（中宮）への敬意（客体敬語）になります。
171,敬語,「光源氏、中宮に御返事を聞こえ給ふ。」（作例）,聞こえ（聞こゆ）,対象箇所「聞こえ（聞こゆ）」のここでの敬語の種類と意味を一つ選べ。,尊敬語 ／ おっしゃる,謙譲語 ／ 申し上げる（お返事申し上げる）,丁寧語 ／ 〜でございます,尊敬語 ／ お聞きになる,2,「聞こゆ」は「言ふ」の謙譲語で、「申し上げる」の意。ここでは返事を申し上げる相手である中宮を高める。後続の「給ふ」は主語の光源氏を高める。
172,敬語,「后の宮、つひに失せ給ひぬ。」（作例）,失せ給ひぬ,対象箇所「失せ給ひぬ」の現代語訳として最も適当なものを一つ選べ。,お隠れになった,退出申し上げた,お見えにならなかった,参上なさった,1,「失す」は文脈により「なくなる・死ぬ」の意。「給ふ」が主語である后の宮を高めるため、全体を「お隠れになった」と訳す。「失す」単独を尊敬語とみなすのではない。
173,敬語,「（地の文）「東宮、学問を深く思ほしめす。」（作例）」,思ほしめす（おもほしめす）,対象箇所「思ほしめす（おもほしめす）」の敬語の種類と現代語訳として正しいものを一つ選べ。,謙譲語 ／ へりくだって考えます,尊敬語 ／ お思いになる,丁寧語 ／ 思っております,尊敬の補助動詞 ／ 〜なさる,2,「思ほしめす」は「思ふ」の尊敬語で、「お思いになる」という意味になります。動作の主体である東宮（皇太子）への敬意を表しています。
174,敬語,「（地の文）「帝、夜更くるまで御書をご覧ず。」（作例）」,ご覧ず（ごらんず）,対象箇所「ご覧ず（ごらんず）」はサ変活用の敬語動詞です。この語が表す敬語の種類と意味として最も適当なものを一つ選べ。,謙譲語 ／ 拝見する,尊敬語 ／ ご覧になる,丁寧語 ／ 見ております,尊敬の補助動詞 ／ お見せになる,2,「ご覧ず（ごらんず・サ変）」は「見る」の尊敬語であり、「ご覧になる」と訳します。主語（帝）を高めています。
175,敬語,「大納言、帝の仰せを承り給ふ。」（作例）,承り,対象箇所「承り」の敬語の種類と意味として正しいものを一つ選べ。,尊敬語／お聞きになる,謙譲語／お受けする・お聞きする,丁寧語／ございます,尊敬語／お与えになる,2,「承る」は「受く・聞く」の謙譲語。ここでは帝の仰せを「お受けする・お聞きする」の意で、帝を高める。
176,敬語,「中宮、御使をつかはし給ふ。」（作例）,つかはし給ふ,対象箇所「つかはし給ふ」の敬語表現の説明として正しいものを一つ選べ。,「つかはす」が謙譲語である,「つかはす」は通常の動詞で、「給ふ」が主語を高める,「つかはす」が丁寧語である,全体が謙譲表現で、御使を高める,2,「つかはす」は「派遣する」の意の通常の動詞。尊敬を表すのは補助動詞「給ふ」で、派遣する主体である中宮を高める。全体は「御使を派遣なさる」と訳す。
177,敬語,「（地の文）「少将の尼君のもとへまかで給ふ。」（『更級日記』より）」,まかで（まかづ）,対象箇所「まかで（まかづ）」の敬語の種類と意味（現代語訳）として正しいものを一つ選べ。,尊敬語 ／ いらっしゃる,謙譲語 ／ 退出する（宮中や高貴な場所から引き下がる）,丁寧語 ／ ございます,謙譲語 ／ 参上する,2,「まかづ（退づ）」は、宮中や身分の高い人の居所から引き下がる（退出する、去る）ことを表す「行く・来」の謙譲語（退出する）です。去るべき元の場所・高貴な人物を高めます。
178,敬語,「（地の文）「帝、御仏の御前に終日おはします。」（作例）」,おはします,対象箇所「おはします」の敬語の種類と現代語訳として正しいものを一つ選べ。,謙譲語 ／ 参上する,尊敬語 ／ いらっしゃる（おられる）,丁寧語 ／ ございます,尊敬の補助動詞 ／ 〜なさる,2,「おはします」は「あり・をり」の尊敬語（「おはす」よりさらに敬意が高い）であり、「いらっしゃる」と訳します。帝への高い尊敬を表しています。
179,敬語,「（地の文）「大納言、御前にて畏まりて、かしこき御返事を奏し給ふ。」（作例）」,奏し,対象箇所「奏し」の敬語の種類と、誰に対する敬意（客体）を表しているかの組み合わせとして正しいものを一つ選べ。,尊敬語 ── 大納言,謙譲語 ── 天皇（帝）,謙譲語 ── 大納言自身,丁寧語 ── 読者,2,「奏す」は天皇・上皇に対して「申し上げる」場合に用いる絶対謙譲語です。したがって、敬意の客体（高められている相手）は天皇（帝）になります。
180,敬語,「（地の文）「（光源氏は中宮に）御衣をたてまつり給ふ。」（作例）」,たてまつり,対象箇所「たてまつり」のここでの敬語の種類と現代語訳として最も適当なものを一つ選べ。,尊敬語 ／ お召しになる,謙譲語 ／ 差し上げる（衣類を差し上げる）,丁寧語 ／ ございます,尊敬語 ／ 召し上がる,2,「御衣をたてまつる」は、高貴な人物（中宮）に対して衣服を「差し上げる（与ふの謙譲）」という意味の本動詞（謙譲）になります。光源氏が中宮に差し上げる動作をへりくだることで中宮を高めています。※「衣服をお召しになる」であれば尊敬語になりますが、文脈から「（相手に）衣服を差し上げる」ため謙譲語が適当です。
181,敬語,「（地の文）「帝、光源氏におはする所をのたまふ。」（作例）」,のたまふ,対象箇所「のたまふ」のここでの「敬意の主体（誰から）」と「敬意の客体（誰へ）」の組み合わせとして正しいものを一つ選べ。,主体：作者 → 客体：帝,主体：帝 → 客体：光源氏,主体：作者 → 客体：光源氏,主体：話し手 → 客体：帝,1,地の文であるため、敬意の主体（誰から）は作者になります。また、「のたまふ（おっしゃる）」は尊敬語であり、おっしゃっている動作の主体である「帝」を高めるため、敬意の客体（誰へ）は帝になります。したがって、「作者 → 帝」への敬意です。
182,敬語,「若紫、尼君をありがたく思ひ聞こえ給ふ。」（作例）,聞こえ,地の文の対象箇所「聞こえ」が表す敬意の方向として正しいものを一つ選べ。,作者から若紫へ,作者から尼君へ,若紫から作者へ,尼君から若紫へ,2,地の文の謙譲の補助動詞「聞こゆ」は、動作の受け手である尼君に対する作者の敬意を表す。後続の尊敬の補助動詞「給ふ」は、動作主体である若紫を高める。
183,敬語,「（会話文）「（光源氏のセリフ）『この御文を帝にたてまつりて、お返事を待ち遠に思ふ。』」（作例）」,たてまつり,会話部における対象箇所「たてまつり」の「敬意の主体（誰から）」と「敬意の客体（誰へ）」の組み合わせとして正しいものを一つ選べ。,主体：作者 → 客体：帝,主体：光源氏 → 客体：帝,主体：帝 → 客体：光源氏,主体：作者 → 客体：光源氏,2,会話文中の敬語なので、敬意の主体（誰から）は話し手（光源氏）になります。「たてまつり」は謙譲の本動詞であり、手紙を差し上げる対象である「帝」を高めるため、敬意の客体（誰へ）は帝になります。したがって、「光源氏 → 帝」への敬意です。
184,敬語,「（会話文）「（中宮のセリフ）『后の宮のおはします所へ、夜更けて参らむ。』」（作例）」,おはします,対象箇所「おはします」のこの文脈における敬意の主体（誰から）と客体（誰へ）の組み合わせとして正しいものを一つ選べ。,主体：作者 → 客体：后の宮,主体：中宮 → 客体：后の宮,主体：后の宮 → 客体：中宮,主体：中宮 → 客体：作者,2,中宮のセリフ（会話文）の中の敬語であるため、敬意の主体は話し手（中宮）になります。「おはします（いらっしゃる）」は尊敬語であり、いらっしゃる主体である「后の宮」を高めるため、敬意の客体は后の宮になります。したがって、「中宮 → 后の宮」への敬意です。
185,敬語,「帥殿、大御酒を中宮にまゐらせ給ふ。」（作例）,まゐらせ,対象箇所「まゐらせ」の敬語の種類と敬意の客体として正しいものを一つ選べ。,尊敬の補助動詞／帥殿,謙譲の本動詞／中宮,丁寧の本動詞／読者,使役の助動詞／人々,2,ここでは酒を「差し上げる」という意味の動詞「まゐらす」の連用形で、謙譲の本動詞。受け手の中宮を高める。後続の「給ふ」は帥殿を高める。
186,敬語,「（会話文）「（少将のセリフ）『尼君の、心細げに暮らしたまふが、あな痛はし。』」（作例）」,たまふ,対象箇所「たまふ」のここでの「敬意の主体」と「敬意の客体」の組み合わせを選べ。,主体：作者 → 客体：尼君,主体：少将 → 客体：尼君,主体：尼君 → 客体：少将,主体：作者 → 客体：少将,2,少将の会話文中の敬語なので、主体は少将（話し手）になります。四段活用「たまふ」は尊敬の補助動詞であり、その動作（暮らす）の主体である「尼君」を高めるため、客体は尼君になります。したがって、「少将 → 尼君」への敬意です。
187,敬語,「大納言、中宮に御返事を聞こえ給ふ。」（作例）,聞こえ,地の文の対象箇所「聞こえ」が表す敬意の方向として正しいものを一つ選べ。,作者から大納言へ,作者から中宮へ,大納言から作者へ,中宮から大納言へ,2,謙譲語「聞こゆ」は「申し上げる」の意。地の文なので敬意の主体は作者、客体は申し上げる相手の中宮。
188,敬語,「大納言、中宮に御返事を聞こえ給ふ。」（作例）,給ふ,地の文の対象箇所「給ふ」が表す敬意の方向として正しいものを一つ選べ。,作者から大納言へ,作者から中宮へ,大納言から中宮へ,中宮から大納言へ,1,四段活用の補助動詞「給ふ」は動作主体を高める。地の文なので、作者から主語の大納言への敬意を表す。
189,敬語,「（会話文）「（大臣のセリフ）『帝の御使いを、かしこまりて承りぬ。』」（作例）」,承り,対象箇所「承り」のここでの敬意の主体と客体の正しい組み合わせを選べ。,主体：作者 → 客体：帝,主体：大臣 → 客体：帝,主体：大臣 → 客体：御使い,主体：作者 → 客体：大臣,2,会話文中の謙譲語であるため、主体は話し手の「大臣」になります。「承る（お引き受けする、お聞きする）」は謙譲語であり、その指示や使いを出された元の高貴な人物である「帝」への敬意を表します。したがって、「大臣 → 帝」への敬意です。
190,敬語,「（手紙文）「（光源氏から中宮への手紙）『遥かに中宮の御気色を拝し侍りて、なほ涙のみこぼる。』」（作例）」,侍り（はべり）,対象箇所「侍り（はべり）」のここでの敬意の主体（誰から）と客体（誰へ）の組み合わせを選べ。,主体：作者 → 客体：中宮,主体：光源氏 → 客体：中宮（聞き手）,主体：光源氏 → 客体：読者,主体：中宮 → 客体：光源氏,2,手紙文（会話文と同等）における「侍り（丁寧の補助動詞：〜ます）」であるため、敬意の主体は書き手（送り手）の「光源氏」であり、客体（敬意を払う相手）は手紙の宛先（聞き手）である「中宮」になります。したがって、「光源氏 → 中宮」への丁寧（〜ます）の敬意になります。
191,敬語,「（地の文）「帥殿、后の宮の御前におはして、かしこきことを聞こえ給ふ。」（作例）」,聞こえ（聞こゆ）,対象箇所「聞こえ（聞こゆ）」のここでの敬意の方向（誰から誰へ）として最も適当なものを一つ選べ。,作者 → 帥殿,作者 → 后の宮,帥殿 → 后の宮,后の宮 → 帥殿,2,地の文における「聞こゆ（謙譲語）」であるため、敬意の主体は作者になります。謙譲語はお話を申し上げる対象である「后の宮」を高めるため、客体は后の宮になります。したがって、「作者 → 后の宮」への敬意です。
192,敬語,「（地の文）「（光源氏は）尼君の暮らし給ふ有り様を、あな哀れと御覧じはべりけり。」（作例）」,はべり,対象箇所「はべり」の敬語の種類と、誰から誰への敬意を表しているかの組み合わせを選べ。,丁寧語 ── 作者 → 読者（聞き手）,謙譲語 ── 作者 → 尼君,尊敬語 ── 作者 → 光源氏,丁寧語 ── 光源氏 → 尼君,1,地の文に用いられている「はべり（丁寧の補助動詞：〜ます・〜でございます）」です。地の文における丁寧語は、作者から読み手（聞き手・読者）に対する敬意を表します。したがって、「作者 → 読者（聞き手）」への敬意です。
193,敬語,「（会話文）「（かぐや姫のセリフ）『帝の御使いをば、ここにて対面し奉らむ。』」（作例）」,対面し奉らむ,対象箇所「対面し奉らむ」の「奉る（たてまつる）」のここでの「敬意の主体」と「敬意の客体」の組み合わせを選べ。,主体：作者 → 客体：帝の御使い,主体：かぐや姫 → 客体：帝の御使い,主体：帝の御使い → 客体：かぐや姫,主体：かぐや姫 → 客体：帝,2,会話文中の敬語なので、主体は話し手の「かぐや姫」になります。「奉る」は謙譲の補助動詞であり、対面する対象（動作の受け手）である「帝の御使い」を高めるため、客体は帝の御使いになります。したがって、「かぐや姫 → 帝の御使い」への敬意です。
194,敬語,「帝、中宮のおはする所へ渡らせ給ふ。」（作例）,せ,対象箇所「せ」の文法的意味として正しいものを一つ選べ。,使役の助動詞「す」の連用形,尊敬の助動詞「す」の連用形,過去の助動詞「き」の已然形,尊敬の助動詞「さす」の未然形,2,「渡ら」は四段動詞「渡る」の未然形。「せ」は未然形に接続する尊敬の助動詞「す」の連用形で、さらに「給ふ」が重なり、帝への高い敬意を表す。
195,敬語,「（地の文）「后の宮、御経をご覧じて、涙を流させ給ふ。」（作例）」,ご覧じ,対象箇所「ご覧じ」のここでの「敬意の主体」と「敬意の客体」の組み合わせとして正しいものを一つ選べ。,主体：作者 → 客体：后の宮,主体：后の宮 → 客体：御経,主体：作者 → 客体：作者自身,主体：后の宮 → 客体：読者,1,地の文であるため、主体（誰から）は作者になります。「ご覧ず」は尊敬語であり、見る主体である「后の宮」を高めるため、客体は后の宮になります。したがって、「作者 → 后の宮」への敬意です。
196,敬語,「（手紙文）かく思ひ給ふること、申し上げ侍り。」（作例）,給ふる,対象箇所「給ふる」の活用型・活用形として正しいものを一つ選べ。,四段活用・連体形,下二段活用・連体形,四段活用・已然形,下二段活用・終止形,2,話し手自身の「思ふ」に付く自謙の補助動詞「給ふ」は下二段活用（へ・へ・ふ・ふる・ふれ・へよ）。「こと」を修飾する「給ふる」は連体形。
197,敬語,「（手紙文）「（光源氏のセリフ）『中宮の御ためを、夜昼祈り奉り給ふ。』」（作例）」,文法知識,（文法識別問題）「給ふ」が「下二段活用」（自謙表現：〜ております）として用いられる場合に接続する動詞の種類（意味グループ）として最も適当なものを一つ選べ。,すべての動作動詞に接続する,「思ふ」「見る」「聞く」「知る」など、主に知覚・心理を表す動詞に接続する,「行く」「来」「あり」などの存在・移動動詞にのみ接続する,使役動詞にのみ接続する,2,下二段活用の補助動詞「給ふ」は、会話文・手紙文で話し手自身の動作をへりくだる自謙表現として用いられ、主に「思ふ・見る・聞く・知る」など知覚・心理を表す動詞に付く。四段活用の尊敬用法と、主語・文脈・活用形から識別する。
198,敬語,「（手紙文）遥かに中宮の御身の上を思ひ給ふに、涙あふれて御文も書きあへず。」（作例）,給ふ（たまふ）,対象箇所「給ふ（たまふ）」のここでの活用型と敬語の種類の正しい組み合わせを選べ。,四段活用 ── 尊敬の補助動詞,下二段活用 ── 謙譲の補助動詞,四段活用 ── 謙譲の補助動詞,下二段活用 ── 尊敬の補助動詞,2,手紙文の中で、書き手（私）が「（中宮の身の上を）思っております」と、自分の動作（思ふ）をへりくだって宛先の中宮に敬意を示しているため、ハ行下二段活用の謙譲の補助動詞になります。※「思ひ」の連用形に接続しています。
199,敬語,「帝、光源氏を近く召し寄せて、みづから言葉をかけ給ふ。」（作例）,給ふ,対象箇所「給ふ」の活用型と、高められている人物（敬意の客体）の組み合わせとして正しいものを選べ。,下二段活用 ── 光源氏,四段活用 ── 帝,四段活用 ── 光源氏,下二段活用 ── 帝,2,地の文において、動作の主体（帝）が言葉をかける動作を高める尊敬の補助動詞なので、ハ行四段活用です。敬意の客体（高められている人物）は動作の主体である「帝」になります。
200,敬語,「（手紙文）かく思ひ給ふれば、なほ涙落つ。」（作例）,給ふれ,対象箇所「給ふれ」の活用型・活用形として正しいものを一つ選べ。,四段活用・已然形,下二段活用・連用形,四段活用・命令形,下二段活用・已然形,4,自謙の補助動詞「給ふ」は下二段活用（へ・へ・ふ・ふる・ふれ・へよ）。接続助詞「ば」の前の「給ふれ」は已然形。
201,敬語,「尼君の去り給はむことの悲しさ。」（作例）,給は,対象箇所「給は」の活用型・活用形として正しいものを一つ選べ。,四段活用・未然形,下二段活用・未然形,四段活用・已然形,下二段活用・連用形,1,尊敬の補助動詞「給ふ」は四段活用（は・ひ・ふ・ふ・へ・へ）。未然形接続の助動詞「む」が続くため「給は」は未然形。
202,敬語,「（かぐや姫の言葉）帝に御文を奉り給へ。」（作例）,奉り／給へ,対象箇所「奉り」と「給へ」の敬語の種類として正しい組み合わせを一つ選べ。,奉り：謙譲語／給へ：尊敬語,奉り：尊敬語／給へ：謙譲語,奉り：丁寧語／給へ：尊敬語,奉り：謙譲語／給へ：丁寧語,1,「奉る」は「差し上げる」の意で、受け手の帝を高める謙譲語。「給へ」は四段活用の尊敬の補助動詞「給ふ」の命令形で、文脈上の動作主体を高める。
203,敬語,「（手紙文）私は中宮を常に頼もしく思ひ給ふ。」（作例）,たまふ,対象箇所「たまふ」が表す敬意の主体（誰から）と客体（誰へ）の組み合わせとして正しいものを一つ選べ。,主体：光源氏 → 客体：中宮（聞き手）,主体：作者 → 客体：光源氏,主体：中宮 → 客体：光源氏,主体：光源氏 → 客体：読者,1,下二段活用の補助動詞「たまふ」なので、主体は話し手（書き手）である「光源氏」になります。下二段「たまふ」は聞き手を高める（自謙・謙譲の補助）ため、客体は手紙の相手である「中宮」になります。したがって、「光源氏 → 中宮」への敬意です。
204,敬語,「帝、中宮に御衣を賜ふ。」（作例）,賜ふ,対象箇所「賜ふ」の敬語の種類と意味として正しいものを一つ選べ。,謙譲語／いただく,尊敬語／お与えになる,丁寧語／ございます,尊敬語／お召しになる,2,主語が帝、受け手が中宮であるため、「賜ふ」は「与ふ」の尊敬語で「お与えになる」の意。主語や授受の方向によって、謙譲語「いただく」と識別する。
205,敬語,「（大納言が后に言う）御意向を深く聞き給へて、退出せむ。」（作例）,給へ,対象箇所「給へ」の活用型・活用形と敬語の種類として正しいものを一つ選べ。,四段活用・已然形／尊敬,下二段活用・連用形／謙譲（自謙）,四段活用・命令形／尊敬,下二段活用・未然形／謙譲（自謙）,2,話し手自身の「聞く」に付く自謙の「給ふ」は下二段活用。接続助詞「て」に続く「給へ」は連用形で、「聞いております」のように聞き手への敬意を添える。
206,敬語,「帝、その旨をのたまはせ給ふ。」（作例）,せ,対象箇所「せ」の文法的意味として正しいものを一つ選べ。,尊敬の助動詞「す」の連用形,使役の助動詞「す」の連用形,過去の助動詞「き」の已然形,完了の助動詞「つ」の未然形,1,「のたまは」は尊敬語「のたまふ」の未然形。「せ」は尊敬の助動詞「す」の連用形で、後ろに尊敬の「給ふ」が重なり、帝に対する高い敬意を表す。
207,敬語,「東宮、中宮の御前に参らせ給ふ。」（作例）,せ,対象箇所「せ」の文法的意味として最も適当なものを一つ選べ。,尊敬の助動詞「す」の連用形,使役の助動詞「す」の連用形,謙譲の補助動詞「まゐらす」の一部,完了の助動詞「つ」の未然形,1,ここでは「参ら」が動詞「参る」の未然形、「せ」が尊敬の助動詞「す」の連用形で、さらに「給ふ」が重なる。参上先の中宮には「参る」で謙譲、主体の東宮には「せ給ふ」で尊敬を表す。
208,敬語,「后の宮、若宮に御衣を着せ給ふ。」（作例）,着せ,対象箇所「着せ」の文法的説明として正しいものを一つ選べ。,カ行下二段動詞「着す」の連用形,サ行下二段動詞「着す」の連用形,使役の助動詞「す」の連用形だけから成る,サ変動詞「着す」の未然形,2,「着す（きす）」は「着せる」の意のサ行下二段動詞（せ・せ・す・する・すれ・せよ）。「着せ」はその連用形で、後続の「給ふ」が主語を高める。
209,敬語,「光源氏、中宮をありがたく思ひ聞こえ給ふ。」（作例）,聞こえ,対象箇所「聞こえ」の敬語の種類と敬意の客体として正しいものを一つ選べ。,尊敬語／光源氏,謙譲の補助動詞／中宮,丁寧語／読者,尊敬の補助動詞／中宮,2,「思ふ」に付く「聞こゆ」は謙譲の補助動詞で、「お思い申し上げる」の意。思う対象である中宮を高める。
210,敬語,「（地の文）「帝、和歌をいと深く愛でて、お側近く召して、宣はす。」（作例）」,宣はす（のたまはす）,対象箇所「宣はす（のたまはす）」の敬語の種類と、高められている人物（主体）の組み合わせとして正しいものを選べ。,謙譲語 ── お使いの者,尊敬語 ── 帝,尊敬語 ── お使いの者,丁寧語 ── 読者,2,「宣はす（のたまはす）」は「のたまふ」のさらに敬意を高めた尊敬語で、おっしゃる主体である「帝」に対する極めて高い敬意（作者からの敬意）を表します。
211,敬語,「中宮のおはします御前に、人々あまたさぶらふめり。」（作例）,さぶらふ／めり,対象箇所「さぶらふ」と「めり」の説明として正しいものを一つ選べ。,「さぶらふ」は謙譲語で中宮を高め、「めり」は推定の助動詞で敬語ではない,両方とも中宮を高める尊敬語である,「さぶらふ」は丁寧語で読者を高め、「めり」は尊敬語である,両方とも敬語ではない,1,「さぶらふ」はここでは「お仕えする」の謙譲語で、仕える相手の中宮を高める。「めり」は視覚的根拠に基づく推定の助動詞で、敬意の方向を持たない。
212,敬語,「（地の文）「后の宮、御心をかしこく思ほしたまふ。」（作例）」,思ほし,対象箇所「思ほし」の敬語の種類と、ここでの意味の組み合わせとして正しいものを選べ。,謙譲語 ／ 思い申し上げる,尊敬語 ／ お思いになる,丁寧語 ／ 思っております,尊敬の補助動詞 ／ 〜なさる,2,「思ほす（おもほす）」は「思ふ」の尊敬語で、后の宮がお思いになる動作を直接高めています。「お思いになる」と訳します。
213,敬語,「（地の文）「帝、御仏の御前に御教を聞こしめす。」（作例）」,聞こしめす,対象箇所「聞こしめす」のここでの文脈的な意味（現代語訳）として最も適当なものを一つ選べ。,お聞きになる,召し上がる（お食事なさる）,おっしゃる,ご覧になる,1,「聞こしめす」は「聞く」の尊敬語（お聞きになる）です。お経（御教）をお聞きになるという文脈なので「お聞きになる」が最も適当です。※飲食物なら「召し上がる」になります。
214,敬語,「（会話文）「（光源氏のセリフ）『この御文を帝にまゐらせて、お返事を待たむ。』」（作例）」,まゐらせ,対象箇所「まゐらせ」のここでの敬語の種類と訳の組み合わせとして正しいものを一つ選べ。,尊敬語 ／ 参上なさって,謙譲語 ／ 差し上げる（お届け申し上げる）,丁寧語 ／ ございます,謙譲語 ／ 参上する,2,「まゐらす」は「与ふ」の謙譲語（差し上げる）です。光源氏が帝に対して手紙（御文）を「差し上げる（お届け申し上げる）」ため、謙譲語が適当です。
215,敬語,「（地の文）「中宮より、和歌を少将の尼君に賜はせ給ふ。」（作例）」,賜はせ（たまはす）,対象箇所「賜はせ（たまはす）」の敬語の種類と活用型の組み合わせを選べ。,謙譲語 ── 下二段活用,尊敬語 ── サ行四段活用,尊敬語 ── サ行下二段活用,尊敬語 ── 下二段活用,3,「賜はす（たまはす）」は「与ふ」の尊敬語（お与えになる）です。これは「たまふ（四段・尊敬）」に尊敬の助動詞「す」がついて一語化したもので、サ行下二段活用をします。主語（中宮）を高めています。
216,敬語,「（地の文）「帥殿、后の宮の御前におはして、かしこきことを聞こえ給ふ。」（作例）」,引用本文全体,この文脈において、主格（〜が）を省略されている「聞こえ（申し上げる）」という動作を行っている『主語』は誰か、最も適当な人物を選べ。,帝,后の宮,帥殿,作者自身,3,「聞こえ（謙譲）」＋「給ふ（尊敬）」が用いられています。この文の主語は「帥殿」であり、帥殿が后の宮（おはする対象）に対してお話を「申し上げなさる」という構造です。動作の主体である「帥殿」を高める「給ふ」と、お話し相手である「后の宮」を高める「聞こえ」の二方面敬語になっています。
217,敬語,「大納言、中宮をありがたく思ひ聞こえ給ふ。」（作例）,思ひ聞こえ給ふ,対象箇所「思ひ聞こえ給ふ」の動作主体として最も適当なものを一つ選べ。,中宮,大納言,作者,御使,2,尊敬の補助動詞「給ふ」は動作主体を高めるので、主語は大納言。「聞こゆ」は思う対象である中宮を高める謙譲の補助動詞である。
218,敬語,「北面にのみあらせて呼ばねば、かしがましく鳴きののしるに、尼君おはして（『更級日記』より）」,引用本文全体,この文脈において、「かしがましく鳴きののしる（うるさく鳴きわめく）」という動作の主体（主語）は何か、最も適当なものを一つ選べ。,尼君,猫,作者,侍たち,2,「北面にのみあらせて（北側にばかりいさせて）」と、呼ばないために「かしがましく鳴きわめいている」動作の主体は、前後の文脈（更級日記の猫のエピソード）から「猫」になります。動物の動作であるため、敬語表現が一切伴っていません。
219,敬語,「（地の文）「后の宮、御経をご覧じて、涙を流させ給ふ。」（作例）」,ご覧ず（尊敬語）,この文脈において、対象箇所「ご覧ず（尊敬語）」と「流させ給ふ（尊敬の最高敬語）」をヒントに、「経を読み（見て）涙を流している」動作の『主語』として正しいものを選べ。,御使い,尼君,后の宮,読者,3,主格を示す「后の宮、」が文頭に明示されています。動作（ご覧ず ＝ 見るの尊敬）および「流させ給ふ（流しなさる ＝ 尊敬・最高敬語）」の敬語レベルが后の宮に合致しており、主語は一貫して后の宮になります。
220,敬語,「（地の文）「中宮、和歌を賜ひて、かしこきことをのたまふ。」（作例）」,のたまふ（おっしゃる ＝ 尊敬語）,対象箇所「のたまふ（おっしゃる ＝ 尊敬語）」をヒントに、この「おっしゃっている」動作の『主体（主語）』として最も適当な人物を選べ。,少将,御使い,中宮,作者,3,「のたまふ」は言うの尊敬語です。ここでは主格「中宮、」が示されており、中宮が和歌をくださってお話を「おっしゃる」という構造のため、主語は中宮になります。
221,敬語,「（地の文）「帝、御仏の御前に終日おはします。」（作例）」,おはします（いらっしゃる ＝ 尊敬語）,対象箇所「おはします（いらっしゃる ＝ 尊敬語）」をヒントに、この仏前にいらっしゃる『主体（主語）』として最も適当な人物を選べ。,僧侶,帝,尼君,侍たち,2,「おはします」は「いらっしゃる」という最大級の尊敬語（本動詞）です。主格として明示されている「帝」が仏前にいらっしゃるという文脈であるため、主語は帝になります。
222,敬語,「（地の文）「（光源氏は中宮に）御返事を書きて、御使に賜ふ。」（作例）」,賜ふ（たまふ ── 尊敬語）,対象箇所「賜ふ（たまふ ── 尊敬語）」をヒントに、この「お与えになる（お授けになる）」という動作を行っている『主語』として最も適当な人物を選べ。,御使,中宮,光源氏,読者,3,返事を書いて御使に「（御返事の紙を）お与えになる（お渡しになる）」という尊敬の動作です。お渡しになっている動作の主体は光源氏であり、御使（目下）に対して与えるため、尊敬語「賜ふ（四段）」が光源氏を高める形で機能しています。
223,敬語,「（地の文）「帥殿、后の宮の御前におはして、かしこきことを聞こえ給ふ。」（作例）」,給ふ（尊敬の補助動詞）,対象箇所「給ふ（尊敬の補助動詞）」をヒントに、お話を申し上げている動作の『主体（主語）』を誰に特定できるか、正しいものを選べ。,后の宮,帥殿,作者自身,侍たち,2,尊敬の補助動詞「給ふ」は、動作の主体を高めます。ここでは「聞こえ（后の宮に申し上げている）」の動作を行っている主体（＝帥殿）を高めているため、主語は「帥殿」であることが判断しやすく特定できます。
224,敬語,「后の宮、御使をつかはし給ふ。」（作例）,つかはし給ふ,対象箇所「つかはし給ふ」の動作主体として正しいものを一つ選べ。,帝,御使,后の宮,作者,3,主語として明示された后の宮が御使を派遣する。「つかはす」は通常の動詞であり、後続の尊敬の補助動詞「給ふ」が動作主体の后の宮を高める。
225,敬語,「（地の文）「中宮のおはします御前に、人々あまたさぶらふ。」（作例）」,さぶらふ（謙譲の本動詞：お仕えする）,対象箇所「さぶらふ（謙譲の本動詞：お仕えする）」をヒントに、この「お仕えし控えている」動作の『主語（主体）』として最も適当な人物を選べ。,中宮,人々（女房や侍たち）,作者自身,帝,2,「さぶらふ」はここでは「お仕えする・伺候する」の意の謙譲語。中宮にお仕えして控えている動作主体は、文中に示された「人々（女房など）」である。
